Date,Alot Hashachar,Netz HaChama,Sof Zman K"S,Sof Zman Tefilah,Mincha Gedola,Mincha Ketanah,Plag HaMincha,Shkiah,Tzeit Hakochavim,Tzeit 8.5°,Sof Zman Achilas Chametz,Sof Zman Biur Chametz,Shaah Zmanit (min),Midnight
"7/1/2026","06:06:48 AM","07:29:49 AM","09:56:50 AM","10:45:51 AM","12:48:22 PM","03:15:23 PM","04:16:39 PM","05:17:55 PM","05:42:36 PM","05:56:16 PM","10:45:51 AM","11:34:51 AM","49","12:23:50 AM"
"7/2/2026","06:06:48 AM","07:29:46 AM","09:56:55 AM","10:45:58 AM","12:48:35 PM","03:15:44 PM","04:17:03 PM","05:18:22 PM","05:43:02 PM","05:56:41 PM","10:45:58 AM","11:35:01 AM","49","12:24:01 AM"
"7/3/2026","06:06:46 AM","07:29:41 AM","09:56:58 AM","10:46:04 AM","12:48:48 PM","03:16:05 PM","04:17:27 PM","05:18:50 PM","05:43:29 PM","05:57:07 PM","10:46:04 AM","11:35:09 AM","49","12:24:12 AM"
"7/4/2026","06:06:43 AM","07:29:34 AM","09:57:00 AM","10:46:09 AM","12:49:00 PM","03:16:27 PM","04:17:53 PM","05:19:19 PM","05:43:57 PM","05:57:35 PM","10:46:09 AM","11:35:17 AM","49","12:24:22 AM"
"7/5/2026","06:06:39 AM","07:29:25 AM","09:57:01 AM","10:46:13 AM","12:49:13 PM","03:16:49 PM","04:18:19 PM","05:19:50 PM","05:44:26 PM","05:58:03 PM","10:46:13 AM","11:35:25 AM","49","12:24:32 AM"
"7/6/2026","06:06:32 AM","07:29:15 AM","09:57:01 AM","10:46:17 AM","12:49:25 PM","03:17:12 PM","04:18:46 PM","05:20:21 PM","05:44:56 PM","05:58:32 PM","10:46:17 AM","11:35:32 AM","49","12:24:42 AM"
"7/7/2026","06:06:25 AM","07:29:03 AM","09:57:00 AM","10:46:20 AM","12:49:38 PM","03:17:35 PM","04:19:14 PM","05:20:54 PM","05:45:27 PM","05:59:02 PM","10:46:20 AM","11:35:39 AM","49","12:24:51 AM"
"7/8/2026","06:06:16 AM","07:28:49 AM","09:56:58 AM","10:46:22 AM","12:49:50 PM","03:17:59 PM","04:19:43 PM","05:21:28 PM","05:45:58 PM","05:59:33 PM","10:46:22 AM","11:35:45 AM","49","12:25:00 AM"
"7/9/2026","06:06:05 AM","07:28:33 AM","09:56:55 AM","10:46:22 AM","12:50:01 PM","03:18:23 PM","04:20:12 PM","05:22:02 PM","05:46:31 PM","06:00:05 PM","10:46:22 AM","11:35:50 AM","49","12:25:09 AM"
"7/10/2026","06:05:53 AM","07:28:16 AM","09:56:51 AM","10:46:23 AM","12:50:12 PM","03:18:47 PM","04:20:42 PM","05:22:37 PM","05:47:05 PM","06:00:38 PM","10:46:23 AM","11:35:54 AM","49","12:25:17 AM"
"7/11/2026","06:05:40 AM","07:27:57 AM","09:56:46 AM","10:46:22 AM","12:50:23 PM","03:19:12 PM","04:21:13 PM","05:23:14 PM","05:47:39 PM","06:01:11 PM","10:46:22 AM","11:35:59 AM","49","12:25:25 AM"
"7/12/2026","06:05:24 AM","07:27:36 AM","09:56:39 AM","10:46:21 AM","12:50:34 PM","03:19:37 PM","04:21:44 PM","05:23:51 PM","05:48:14 PM","06:01:45 PM","10:46:21 AM","11:36:02 AM","49","12:25:32 AM"
"7/13/2026","06:05:08 AM","07:27:13 AM","09:56:32 AM","10:46:18 AM","12:50:44 PM","03:20:03 PM","04:22:16 PM","05:24:29 PM","05:48:50 PM","06:02:20 PM","10:46:18 AM","11:36:04 AM","49","12:25:39 AM"
"7/14/2026","06:04:50 AM","07:26:49 AM","09:56:23 AM","10:46:15 AM","12:50:53 PM","03:20:28 PM","04:22:47 PM","05:25:07 PM","05:49:26 PM","06:02:55 PM","10:46:15 AM","11:36:06 AM","49","12:25:45 AM"
"7/15/2026","06:04:30 AM","07:26:23 AM","09:56:14 AM","10:46:11 AM","12:51:03 PM","03:20:54 PM","04:23:20 PM","05:25:47 PM","05:50:03 PM","06:03:31 PM","10:46:11 AM","11:36:08 AM","49","12:25:51 AM"
"7/16/2026","06:04:08 AM","07:25:55 AM","09:56:03 AM","10:46:05 AM","12:51:12 PM","03:21:20 PM","04:23:53 PM","05:26:27 PM","05:50:41 PM","06:04:08 PM","10:46:05 AM","11:36:08 AM","50","12:25:56 AM"
"7/17/2026","06:03:46 AM","07:25:26 AM","09:55:51 AM","10:46:00 AM","12:51:21 PM","03:21:46 PM","04:24:27 PM","05:27:08 PM","05:51:19 PM","06:04:45 PM","10:46:00 AM","11:36:08 AM","50","12:26:01 AM"
"7/18/2026","06:03:21 AM","07:24:55 AM","09:55:38 AM","10:45:53 AM","12:51:29 PM","03:22:12 PM","04:25:00 PM","05:27:49 PM","05:51:58 PM","06:05:23 PM","10:45:53 AM","11:36:07 AM","50","12:26:05 AM"
"7/19/2026","06:02:55 AM","07:24:22 AM","09:55:24 AM","10:45:45 AM","12:51:36 PM","03:22:39 PM","04:25:35 PM","05:28:31 PM","05:52:38 PM","06:06:01 PM","10:45:45 AM","11:36:05 AM","50","12:26:09 AM"
"7/20/2026","06:02:28 AM","07:23:47 AM","09:55:08 AM","10:45:36 AM","12:51:44 PM","03:23:05 PM","04:26:09 PM","05:29:14 PM","05:53:18 PM","06:06:40 PM","10:45:36 AM","11:36:03 AM","50","12:26:12 AM"
"7/21/2026","06:01:59 AM","07:23:11 AM","09:54:52 AM","10:45:26 AM","12:51:50 PM","03:23:32 PM","04:26:44 PM","05:29:57 PM","05:53:59 PM","06:07:19 PM","10:45:26 AM","11:36:00 AM","50","12:26:15 AM"
"7/22/2026","06:01:28 AM","07:22:34 AM","09:54:35 AM","10:45:16 AM","12:51:57 PM","03:23:59 PM","04:27:20 PM","05:30:41 PM","05:54:39 PM","06:07:59 PM","10:45:16 AM","11:35:56 AM","50","12:26:17 AM"
"7/23/2026","06:00:56 AM","07:21:54 AM","09:54:16 AM","10:45:04 AM","12:52:03 PM","03:24:26 PM","04:27:55 PM","05:31:25 PM","05:55:21 PM","06:08:39 PM","10:45:04 AM","11:35:51 AM","50","12:26:19 AM"
"7/24/2026","06:00:23 AM","07:21:13 AM","09:53:57 AM","10:44:51 AM","12:52:08 PM","03:24:52 PM","04:28:30 PM","05:32:09 PM","05:56:03 PM","06:09:20 PM","10:44:51 AM","11:35:46 AM","50","12:26:20 AM"
"7/25/2026","05:59:47 AM","07:20:31 AM","09:53:36 AM","10:44:38 AM","12:52:13 PM","03:25:19 PM","04:29:06 PM","05:32:54 PM","05:56:45 PM","06:10:01 PM","10:44:38 AM","11:35:40 AM","51","12:26:20 AM"
"7/26/2026","05:59:11 AM","07:19:46 AM","09:53:14 AM","10:44:23 AM","12:52:17 PM","03:25:45 PM","04:29:42 PM","05:33:39 PM","05:57:27 PM","06:10:42 PM","10:44:23 AM","11:35:33 AM","51","12:26:20 AM"
"7/27/2026","05:58:33 AM","07:19:01 AM","09:52:52 AM","10:44:09 AM","12:52:21 PM","03:26:12 PM","04:30:18 PM","05:34:25 PM","05:58:10 PM","06:11:23 PM","10:44:09 AM","11:35:26 AM","51","12:26:19 AM"
"7/28/2026","05:57:53 AM","07:18:13 AM","09:52:27 AM","10:43:52 AM","12:52:24 PM","03:26:38 PM","04:30:54 PM","05:35:11 PM","05:58:54 PM","06:12:05 PM","10:43:52 AM","11:35:17 AM","51","12:26:18 AM"
"7/29/2026","05:57:12 AM","07:17:25 AM","09:52:03 AM","10:43:35 AM","12:52:27 PM","03:27:05 PM","04:31:31 PM","05:35:57 PM","05:59:37 PM","06:12:47 PM","10:43:35 AM","11:35:08 AM","51","12:26:15 AM"
"7/30/2026","05:56:29 AM","07:16:34 AM","09:51:36 AM","10:43:17 AM","12:52:29 PM","03:27:31 PM","04:32:07 PM","05:36:44 PM","06:00:21 PM","06:13:30 PM","10:43:17 AM","11:34:58 AM","51","12:26:13 AM"
"7/31/2026","05:55:45 AM","07:15:43 AM","09:51:10 AM","10:42:59 AM","12:52:31 PM","03:27:58 PM","04:32:44 PM","05:37:31 PM","06:01:05 PM","06:14:12 PM","10:42:59 AM","11:34:48 AM","51","12:26:10 AM"
"8/1/2026","05:54:59 AM","07:14:49 AM","09:50:41 AM","10:42:38 AM","12:52:32 PM","03:28:24 PM","04:33:21 PM","05:38:18 PM","06:01:49 PM","06:14:55 PM","10:42:38 AM","11:34:36 AM","51","12:26:06 AM"
"8/2/2026","05:54:12 AM","07:13:55 AM","09:50:12 AM","10:42:18 AM","12:52:32 PM","03:28:50 PM","04:33:57 PM","05:39:05 PM","06:02:33 PM","06:15:38 PM","10:42:18 AM","11:34:24 AM","52","12:26:02 AM"
"8/3/2026","05:53:24 AM","07:12:59 AM","09:49:42 AM","10:41:56 AM","12:52:32 PM","03:29:15 PM","04:34:33 PM","05:39:52 PM","06:03:18 PM","06:16:22 PM","10:41:56 AM","11:34:11 AM","52","12:25:56 AM"
"8/4/2026","05:52:34 AM","07:12:01 AM","09:49:10 AM","10:41:34 AM","12:52:32 PM","03:29:41 PM","04:35:10 PM","05:40:40 PM","06:04:03 PM","06:17:05 PM","10:41:34 AM","11:33:57 AM","52","12:25:51 AM"
"8/5/2026","05:51:43 AM","07:11:03 AM","09:48:39 AM","10:41:11 AM","12:52:31 PM","03:30:07 PM","04:35:47 PM","05:41:28 PM","06:04:48 PM","06:17:49 PM","10:41:11 AM","11:33:43 AM","52","12:25:45 AM"
"8/6/2026","05:50:50 AM","07:10:03 AM","09:48:06 AM","10:40:47 AM","12:52:30 PM","03:30:33 PM","04:36:24 PM","05:42:16 PM","06:05:33 PM","06:18:32 PM","10:40:47 AM","11:33:28 AM","52","12:25:38 AM"
"8/7/2026","05:49:56 AM","07:09:01 AM","09:47:31 AM","10:40:22 AM","12:52:27 PM","03:30:58 PM","04:37:01 PM","05:43:04 PM","06:06:18 PM","06:19:16 PM","10:40:22 AM","11:33:12 AM","52","12:25:31 AM"
"8/8/2026","05:49:00 AM","07:07:59 AM","09:46:57 AM","10:39:56 AM","12:52:25 PM","03:31:23 PM","04:37:37 PM","05:43:52 PM","06:07:03 PM","06:20:00 PM","10:39:56 AM","11:32:56 AM","52","12:25:23 AM"
"8/9/2026","05:48:04 AM","07:06:55 AM","09:46:21 AM","10:39:30 AM","12:52:21 PM","03:31:48 PM","04:38:14 PM","05:44:40 PM","06:07:49 PM","06:20:44 PM","10:39:30 AM","11:32:38 AM","53","12:25:15 AM"
"8/10/2026","05:47:05 AM","07:05:50 AM","09:45:44 AM","10:39:02 AM","12:52:18 PM","03:32:12 PM","04:38:50 PM","05:45:28 PM","06:08:34 PM","06:21:29 PM","10:39:02 AM","11:32:20 AM","53","12:25:05 AM"
"8/11/2026","05:46:06 AM","07:04:43 AM","09:45:06 AM","10:38:34 AM","12:52:13 PM","03:32:36 PM","04:39:26 PM","05:46:16 PM","06:09:20 PM","06:22:13 PM","10:38:34 AM","11:32:01 AM","53","12:24:56 AM"
"8/12/2026","05:45:05 AM","07:03:36 AM","09:44:28 AM","10:38:05 AM","12:52:08 PM","03:33:00 PM","04:40:02 PM","05:47:04 PM","06:10:05 PM","06:22:57 PM","10:38:05 AM","11:31:42 AM","53","12:24:45 AM"
"8/13/2026","05:44:03 AM","07:02:27 AM","09:43:48 AM","10:37:35 AM","12:52:03 PM","03:33:24 PM","04:40:38 PM","05:47:52 PM","06:10:51 PM","06:23:42 PM","10:37:35 AM","11:31:22 AM","53","12:24:34 AM"
"8/14/2026","05:43:00 AM","07:01:17 AM","09:43:08 AM","10:37:05 AM","12:51:57 PM","03:33:48 PM","04:41:14 PM","05:48:41 PM","06:11:37 PM","06:24:26 PM","10:37:05 AM","11:31:02 AM","53","12:24:24 AM"
"8/15/2026","05:41:55 AM","07:00:07 AM","09:42:27 AM","10:36:34 AM","12:51:51 PM","03:34:11 PM","04:41:50 PM","05:49:29 PM","06:12:22 PM","06:25:11 PM","10:36:34 AM","11:30:41 AM","54","12:24:12 AM"
"8/16/2026","05:40:50 AM","06:58:55 AM","09:41:45 AM","10:36:02 AM","12:51:44 PM","03:34:34 PM","04:42:25 PM","05:50:17 PM","06:13:08 PM","06:25:56 PM","10:36:02 AM","11:30:19 AM","54","12:23:59 AM"
"8/17/2026","05:39:43 AM","06:57:42 AM","09:41:03 AM","10:35:30 AM","12:51:37 PM","03:34:58 PM","04:43:02 PM","05:51:06 PM","06:13:54 PM","06:26:41 PM","10:35:30 AM","11:29:57 AM","54","12:23:47 AM"
"8/18/2026","05:38:35 AM","06:56:28 AM","09:40:19 AM","10:34:56 AM","12:51:29 PM","03:35:21 PM","04:43:37 PM","05:51:54 PM","06:14:40 PM","06:27:25 PM","10:34:56 AM","11:29:33 AM","54","12:23:33 AM"
"8/19/2026","05:37:25 AM","06:55:13 AM","09:39:35 AM","10:34:22 AM","12:51:21 PM","03:35:43 PM","04:44:12 PM","05:52:42 PM","06:15:26 PM","06:28:10 PM","10:34:22 AM","11:29:10 AM","54","12:23:19 AM"
"8/20/2026","05:36:15 AM","06:53:57 AM","09:38:50 AM","10:33:48 AM","12:51:12 PM","03:36:05 PM","04:44:47 PM","05:53:30 PM","06:16:12 PM","06:28:55 PM","10:33:48 AM","11:28:45 AM","54","12:23:05 AM"
"8/21/2026","05:35:03 AM","06:52:40 AM","09:38:04 AM","10:33:12 AM","12:51:03 PM","03:36:27 PM","04:45:22 PM","05:54:18 PM","06:16:58 PM","06:29:40 PM","10:33:12 AM","11:28:20 AM","55","12:22:50 AM"
"8/22/2026","05:33:51 AM","06:51:23 AM","09:37:18 AM","10:32:37 AM","12:50:53 PM","03:36:49 PM","04:45:57 PM","05:55:06 PM","06:17:44 PM","06:30:25 PM","10:32:37 AM","11:27:55 AM","55","12:22:35 AM"
"8/23/2026","05:32:37 AM","06:50:04 AM","09:36:31 AM","10:32:00 AM","12:50:43 PM","03:37:11 PM","04:46:32 PM","05:55:54 PM","06:18:30 PM","06:31:10 PM","10:32:00 AM","11:27:29 AM","55","12:22:19 AM"
"8/24/2026","05:31:22 AM","06:48:45 AM","09:35:44 AM","10:31:24 AM","12:50:33 PM","03:37:33 PM","04:47:08 PM","05:56:43 PM","06:19:16 PM","06:31:55 PM","10:31:24 AM","11:27:04 AM","55","12:22:04 AM"
"8/25/2026","05:30:06 AM","06:47:25 AM","09:34:56 AM","10:30:46 AM","12:50:22 PM","03:37:53 PM","04:47:41 PM","05:57:30 PM","06:20:02 PM","06:32:41 PM","10:30:46 AM","11:26:37 AM","55","12:21:47 AM"
"8/26/2026","05:28:49 AM","06:46:04 AM","09:34:07 AM","10:30:08 AM","12:50:11 PM","03:38:15 PM","04:48:16 PM","05:58:18 PM","06:20:48 PM","06:33:26 PM","10:30:08 AM","11:26:09 AM","56","12:21:30 AM"
"8/27/2026","05:27:31 AM","06:44:42 AM","09:33:18 AM","10:29:30 AM","12:50:00 PM","03:38:36 PM","04:48:51 PM","05:59:06 PM","06:21:34 PM","06:34:11 PM","10:29:30 AM","11:25:42 AM","56","12:21:12 AM"
"8/28/2026","05:26:12 AM","06:43:19 AM","09:32:27 AM","10:28:50 AM","12:49:47 PM","03:38:56 PM","04:49:25 PM","05:59:54 PM","06:22:20 PM","06:34:57 PM","10:28:50 AM","11:25:13 AM","56","12:20:55 AM"
"8/29/2026","05:24:53 AM","06:41:56 AM","09:31:37 AM","10:28:11 AM","12:49:35 PM","03:39:17 PM","04:49:59 PM","06:00:42 PM","06:23:06 PM","06:35:42 PM","10:28:11 AM","11:24:45 AM","56","12:20:37 AM"
"8/30/2026","05:23:32 AM","06:40:32 AM","09:30:46 AM","10:27:31 AM","12:49:23 PM","03:39:37 PM","04:50:33 PM","06:01:30 PM","06:23:52 PM","06:36:28 PM","10:27:31 AM","11:24:16 AM","56","12:20:19 AM"
"8/31/2026","05:22:10 AM","06:39:08 AM","09:29:55 AM","10:26:51 AM","12:49:10 PM","03:39:58 PM","04:51:08 PM","06:02:18 PM","06:24:39 PM","06:37:14 PM","10:26:51 AM","11:23:47 AM","56","12:20:00 AM"
"9/1/2026","05:20:48 AM","06:37:43 AM","09:29:03 AM","10:26:10 AM","12:48:57 PM","03:40:17 PM","04:51:41 PM","06:03:05 PM","06:25:25 PM","06:37:59 PM","10:26:10 AM","11:23:17 AM","57","12:19:41 AM"
"9/2/2026","05:19:24 AM","06:36:17 AM","09:28:11 AM","10:25:29 AM","12:48:44 PM","03:40:38 PM","04:52:15 PM","06:03:53 PM","06:26:11 PM","06:38:45 PM","10:25:29 AM","11:22:47 AM","57","12:19:22 AM"
"9/3/2026","05:18:00 AM","06:34:51 AM","09:27:18 AM","10:24:47 AM","12:48:30 PM","03:40:58 PM","04:52:49 PM","06:04:41 PM","06:26:58 PM","06:39:31 PM","10:24:47 AM","11:22:16 AM","57","12:19:02 AM"
"9/4/2026","05:16:35 AM","06:33:24 AM","09:26:25 AM","10:24:05 AM","12:48:16 PM","03:41:17 PM","04:53:23 PM","06:05:29 PM","06:27:44 PM","06:40:18 PM","10:24:05 AM","11:21:46 AM","57","12:18:43 AM"
"9/5/2026","05:15:09 AM","06:31:57 AM","09:25:31 AM","10:23:23 AM","12:48:02 PM","03:41:37 PM","04:53:56 PM","06:06:16 PM","06:28:31 PM","06:41:04 PM","10:23:23 AM","11:21:14 AM","57","12:18:22 AM"
"9/6/2026","05:13:42 AM","06:30:29 AM","09:24:37 AM","10:22:40 AM","12:47:47 PM","03:41:56 PM","04:54:30 PM","06:07:04 PM","06:29:18 PM","06:41:50 PM","10:22:40 AM","11:20:43 AM","58","12:18:02 AM"
"9/7/2026","05:12:15 AM","06:29:01 AM","09:23:43 AM","10:21:58 AM","12:47:33 PM","03:42:16 PM","04:55:04 PM","06:07:52 PM","06:30:05 PM","06:42:37 PM","10:21:58 AM","11:20:12 AM","58","12:17:42 AM"
"9/8/2026","05:10:46 AM","06:27:33 AM","09:22:49 AM","10:21:15 AM","12:47:19 PM","03:42:36 PM","04:55:38 PM","06:08:40 PM","06:30:52 PM","06:43:24 PM","10:21:15 AM","11:19:40 AM","58","12:17:22 AM"
"9/9/2026","05:09:18 AM","06:26:04 AM","09:21:55 AM","10:20:32 AM","12:47:04 PM","03:42:55 PM","04:56:11 PM","06:09:28 PM","06:31:39 PM","06:44:11 PM","10:20:32 AM","11:19:09 AM","58","12:17:01 AM"
"9/10/2026","05:07:48 AM","06:24:34 AM","09:20:59 AM","10:19:47 AM","12:46:48 PM","03:43:13 PM","04:56:44 PM","06:10:15 PM","06:32:26 PM","06:44:58 PM","10:19:47 AM","11:18:36 AM","58","12:16:40 AM"
"9/11/2026","05:06:18 AM","06:23:05 AM","09:20:04 AM","10:19:04 AM","12:46:33 PM","03:43:33 PM","04:57:18 PM","06:11:03 PM","06:33:13 PM","06:45:45 PM","10:19:04 AM","11:18:04 AM","58","12:16:19 AM"
"9/12/2026","05:04:47 AM","06:21:35 AM","09:19:09 AM","10:18:20 AM","12:46:18 PM","03:43:52 PM","04:57:51 PM","06:11:51 PM","06:34:01 PM","06:46:32 PM","10:18:20 AM","11:17:31 AM","59","12:15:57 AM"
"9/13/2026","05:03:15 AM","06:20:04 AM","09:18:12 AM","10:17:35 AM","12:46:02 PM","03:44:11 PM","04:58:25 PM","06:12:39 PM","06:34:48 PM","06:47:20 PM","10:17:35 AM","11:16:58 AM","59","12:15:36 AM"
"9/14/2026","05:01:43 AM","06:18:34 AM","09:17:17 AM","10:16:51 AM","12:45:47 PM","03:44:30 PM","04:58:58 PM","06:13:27 PM","06:35:36 PM","06:48:08 PM","10:16:51 AM","11:16:26 AM","59","12:15:15 AM"
"9/15/2026","05:00:11 AM","06:17:03 AM","09:16:21 AM","10:16:07 AM","12:45:32 PM","03:44:50 PM","04:59:33 PM","06:14:16 PM","06:36:24 PM","06:48:56 PM","10:16:07 AM","11:15:53 AM","59","12:14:54 AM"
"9/16/2026","04:58:37 AM","06:15:32 AM","09:15:25 AM","10:15:22 AM","12:45:16 PM","03:45:09 PM","05:00:06 PM","06:15:04 PM","06:37:12 PM","06:49:45 PM","10:15:22 AM","11:15:20 AM","59","12:14:32 AM"
"9/17/2026","04:57:04 AM","06:14:01 AM","09:14:28 AM","10:14:38 AM","12:45:01 PM","03:45:28 PM","05:00:40 PM","06:15:52 PM","06:38:01 PM","06:50:33 PM","10:14:38 AM","11:14:47 AM","60","12:14:11 AM"
"9/18/2026","04:55:29 AM","06:12:30 AM","09:13:32 AM","10:13:53 AM","12:44:45 PM","03:45:48 PM","05:01:14 PM","06:16:41 PM","06:38:49 PM","06:51:22 PM","10:13:53 AM","11:14:14 AM","60","12:13:50 AM"
"9/19/2026","04:53:55 AM","06:10:59 AM","09:12:36 AM","10:13:09 AM","12:44:30 PM","03:46:08 PM","05:01:49 PM","06:17:30 PM","06:39:38 PM","06:52:11 PM","10:13:09 AM","11:13:41 AM","60","12:13:28 AM"
"9/20/2026","04:52:20 AM","06:09:27 AM","09:11:39 AM","10:12:24 AM","12:44:14 PM","03:46:27 PM","05:02:22 PM","06:18:18 PM","06:40:27 PM","06:53:01 PM","10:12:24 AM","11:13:08 AM","60","12:13:07 AM"
"9/21/2026","04:50:44 AM","06:07:56 AM","09:10:43 AM","10:11:39 AM","12:43:59 PM","03:46:47 PM","05:02:57 PM","06:19:07 PM","06:41:16 PM","06:53:51 PM","10:11:39 AM","11:12:35 AM","60","12:12:45 AM"
"9/22/2026","04:49:08 AM","06:06:24 AM","09:09:47 AM","10:10:54 AM","12:43:43 PM","03:47:06 PM","05:03:31 PM","06:19:56 PM","06:42:06 PM","06:54:41 PM","10:10:54 AM","11:12:02 AM","61","12:12:24 AM"
"9/23/2026","04:47:32 AM","06:04:53 AM","09:08:51 AM","10:10:10 AM","12:43:29 PM","03:47:27 PM","05:04:06 PM","06:20:46 PM","06:42:56 PM","06:55:31 PM","10:10:10 AM","11:11:30 AM","61","12:12:04 AM"
"9/24/2026","04:45:55 AM","06:03:22 AM","09:07:55 AM","10:09:26 AM","12:43:14 PM","03:47:47 PM","05:04:41 PM","06:21:35 PM","06:43:46 PM","06:56:22 PM","10:09:26 AM","11:10:57 AM","61","12:11:42 AM"
"9/25/2026","04:44:18 AM","06:01:50 AM","09:06:58 AM","10:08:41 AM","12:42:58 PM","03:48:07 PM","05:05:16 PM","06:22:25 PM","06:44:36 PM","06:57:13 PM","10:08:41 AM","11:10:24 AM","61","12:11:22 AM"
"9/26/2026","04:42:41 AM","06:00:19 AM","09:06:03 AM","10:07:57 AM","12:42:44 PM","03:48:28 PM","05:05:51 PM","06:23:15 PM","06:45:27 PM","06:58:05 PM","10:07:57 AM","11:09:52 AM","61","12:11:01 AM"
"9/27/2026","04:41:03 AM","05:58:48 AM","09:05:07 AM","10:07:13 AM","12:42:29 PM","03:48:48 PM","05:06:26 PM","06:24:05 PM","06:46:18 PM","06:58:57 PM","10:07:13 AM","11:09:20 AM","62","12:10:41 AM"
"9/28/2026","04:39:25 AM","05:57:17 AM","09:04:11 AM","10:06:29 AM","12:42:15 PM","03:49:09 PM","05:07:02 PM","06:24:55 PM","06:47:10 PM","06:59:49 PM","10:06:29 AM","11:08:47 AM","62","12:10:20 AM"
"9/29/2026","04:37:47 AM","05:55:46 AM","09:03:16 AM","10:05:46 AM","12:42:01 PM","03:49:31 PM","05:07:38 PM","06:25:46 PM","06:48:01 PM","07:00:42 PM","10:05:46 AM","11:08:16 AM","62","12:10:00 AM"
"9/30/2026","04:36:09 AM","05:54:15 AM","09:02:20 AM","10:05:02 AM","12:41:46 PM","03:49:52 PM","05:08:14 PM","06:26:37 PM","06:48:54 PM","07:01:35 PM","10:05:02 AM","11:07:44 AM","62","12:09:41 AM"
"10/1/2026","04:34:31 AM","05:52:45 AM","09:01:25 AM","10:04:19 AM","12:41:33 PM","03:50:14 PM","05:08:51 PM","06:27:28 PM","06:49:46 PM","07:02:29 PM","10:04:19 AM","11:07:12 AM","62","12:09:21 AM"
"10/2/2026","04:32:52 AM","05:51:15 AM","09:00:31 AM","10:03:36 AM","12:41:19 PM","03:50:35 PM","05:09:27 PM","06:28:19 PM","06:50:39 PM","07:03:23 PM","10:03:36 AM","11:06:41 AM","63","12:09:02 AM"
"10/3/2026","04:31:14 AM","05:49:45 AM","08:59:36 AM","10:02:53 AM","12:41:06 PM","03:50:58 PM","05:10:04 PM","06:29:11 PM","06:51:32 PM","07:04:17 PM","10:02:53 AM","11:06:10 AM","63","12:08:43 AM"
"10/4/2026","05:29:35 AM","06:48:15 AM","09:58:42 AM","11:02:11 AM","01:40:53 PM","04:51:20 PM","06:10:41 PM","07:30:03 PM","07:52:26 PM","08:05:12 PM","11:02:11 AM","12:05:40 PM","63","01:08:24 AM"
"10/5/2026","05:27:56 AM","06:46:46 AM","09:57:48 AM","11:01:29 AM","01:40:40 PM","04:51:43 PM","06:11:19 PM","07:30:55 PM","07:53:20 PM","08:06:07 PM","11:01:29 AM","12:05:09 PM","63","01:08:06 AM"
"10/6/2026","05:26:18 AM","06:45:17 AM","09:56:54 AM","11:00:47 AM","01:40:28 PM","04:52:06 PM","06:11:57 PM","07:31:48 PM","07:54:14 PM","08:07:03 PM","11:00:47 AM","12:04:39 PM","63","01:07:48 AM"
"10/7/2026","05:24:39 AM","06:43:49 AM","09:56:02 AM","11:00:06 AM","01:40:17 PM","04:52:30 PM","06:12:35 PM","07:32:41 PM","07:55:09 PM","08:08:00 PM","11:00:06 AM","12:04:10 PM","64","01:07:31 AM"
"10/8/2026","05:23:00 AM","06:42:21 AM","09:55:09 AM","10:59:25 AM","01:40:05 PM","04:52:53 PM","06:13:13 PM","07:33:34 PM","07:56:05 PM","08:08:57 PM","10:59:25 AM","12:03:41 PM","64","01:07:14 AM"
"10/9/2026","05:21:22 AM","06:40:54 AM","09:54:17 AM","10:58:45 AM","01:39:54 PM","04:53:18 PM","06:13:53 PM","07:34:28 PM","07:57:00 PM","08:09:54 PM","10:58:45 AM","12:03:13 PM","64","01:06:57 AM"
"10/10/2026","05:19:43 AM","06:39:27 AM","09:53:25 AM","10:58:05 AM","01:39:44 PM","04:53:43 PM","06:14:32 PM","07:35:22 PM","07:57:57 PM","08:10:52 PM","10:58:05 AM","12:02:44 PM","64","01:06:41 AM"
"10/11/2026","05:18:05 AM","06:38:01 AM","09:52:34 AM","10:57:26 AM","01:39:34 PM","04:54:07 PM","06:15:11 PM","07:36:16 PM","07:58:53 PM","08:11:50 PM","10:57:26 AM","12:02:17 PM","64","01:06:25 AM"
"10/12/2026","05:16:27 AM","06:36:35 AM","09:51:44 AM","10:56:47 AM","01:39:24 PM","04:54:33 PM","06:15:52 PM","07:37:11 PM","07:59:51 PM","08:12:49 PM","10:56:47 AM","12:01:50 PM","65","01:06:10 AM"
"10/13/2026","05:14:49 AM","06:35:10 AM","09:50:54 AM","10:56:08 AM","01:39:15 PM","04:54:59 PM","06:16:32 PM","07:38:06 PM","08:00:48 PM","08:13:49 PM","10:56:08 AM","12:01:23 PM","65","01:05:55 AM"
"10/14/2026","05:13:11 AM","06:33:45 AM","09:50:04 AM","10:55:30 AM","01:39:06 PM","04:55:25 PM","06:17:13 PM","07:39:02 PM","08:01:46 PM","08:14:49 PM","10:55:30 AM","12:00:57 PM","65","01:05:41 AM"
"10/15/2026","05:11:34 AM","06:32:21 AM","09:49:15 AM","10:54:53 AM","01:38:58 PM","04:55:52 PM","06:17:55 PM","07:39:58 PM","08:02:45 PM","08:15:49 PM","10:54:53 AM","12:00:31 PM","65","01:05:28 AM"
"10/16/2026","05:09:57 AM","06:30:58 AM","09:48:27 AM","10:54:16 AM","01:38:50 PM","04:56:19 PM","06:18:36 PM","07:40:54 PM","08:03:44 PM","08:16:50 PM","10:54:16 AM","12:00:06 PM","65","01:05:15 AM"
"10/17/2026","05:08:20 AM","06:29:36 AM","09:47:39 AM","10:53:40 AM","01:38:43 PM","04:56:47 PM","06:19:18 PM","07:41:50 PM","08:04:44 PM","08:17:52 PM","10:53:40 AM","11:59:41 AM","66","01:05:02 AM"
"10/18/2026","05:06:44 AM","06:28:14 AM","09:46:52 AM","10:53:05 AM","01:38:37 PM","04:57:15 PM","06:20:01 PM","07:42:48 PM","08:05:44 PM","08:18:54 PM","10:53:05 AM","11:59:18 AM","66","01:04:51 AM"
"10/19/2026","05:05:08 AM","06:26:54 AM","09:46:06 AM","10:52:31 AM","01:38:31 PM","04:57:44 PM","06:20:44 PM","07:43:45 PM","08:06:44 PM","08:19:57 PM","10:52:31 AM","11:58:55 AM","66","01:04:39 AM"
"10/20/2026","05:03:32 AM","06:25:34 AM","09:45:21 AM","10:51:57 AM","01:38:26 PM","04:58:13 PM","06:21:28 PM","07:44:43 PM","08:07:45 PM","08:21:00 PM","10:51:57 AM","11:58:32 AM","66","01:04:29 AM"
"10/21/2026","05:01:57 AM","06:24:15 AM","09:44:36 AM","10:51:23 AM","01:38:21 PM","04:58:43 PM","06:22:12 PM","07:45:41 PM","08:08:47 PM","08:22:04 PM","10:51:23 AM","11:58:10 AM","66","01:04:19 AM"
"10/22/2026","05:00:23 AM","06:22:57 AM","09:43:52 AM","10:50:51 AM","01:38:17 PM","04:59:13 PM","06:22:56 PM","07:46:40 PM","08:09:49 PM","08:23:08 PM","10:50:51 AM","11:57:49 AM","66","01:04:09 AM"
"10/23/2026","04:58:49 AM","06:21:39 AM","09:43:09 AM","10:50:19 AM","01:38:14 PM","04:59:44 PM","06:23:41 PM","07:47:39 PM","08:10:51 PM","08:24:13 PM","10:50:19 AM","11:57:29 AM","67","01:04:01 AM"
"10/24/2026","04:57:16 AM","06:20:23 AM","09:42:26 AM","10:49:48 AM","01:38:11 PM","05:00:14 PM","06:24:26 PM","07:48:38 PM","08:11:54 PM","08:25:18 PM","10:49:48 AM","11:57:09 AM","67","01:03:53 AM"
"10/25/2026","04:55:43 AM","06:19:08 AM","09:41:45 AM","10:49:18 AM","01:38:09 PM","05:00:46 PM","06:25:12 PM","07:49:38 PM","08:12:58 PM","08:26:24 PM","10:49:18 AM","11:56:50 AM","67","01:03:46 AM"
"10/26/2026","04:54:11 AM","06:17:54 AM","09:41:05 AM","10:48:49 AM","01:38:08 PM","05:01:19 PM","06:25:59 PM","07:50:39 PM","08:14:02 PM","08:27:31 PM","10:48:49 AM","11:56:32 AM","67","01:03:40 AM"
"10/27/2026","04:52:40 AM","06:16:41 AM","09:40:25 AM","10:48:20 AM","01:38:07 PM","05:01:51 PM","06:26:45 PM","07:51:39 PM","08:15:06 PM","08:28:38 PM","10:48:20 AM","11:56:15 AM","67","01:03:34 AM"
"10/28/2026","04:51:10 AM","06:15:29 AM","09:39:46 AM","10:47:52 AM","01:38:07 PM","05:02:25 PM","06:27:32 PM","07:52:40 PM","08:16:11 PM","08:29:45 PM","10:47:52 AM","11:55:58 AM","68","01:03:29 AM"
"10/29/2026","04:49:40 AM","06:14:18 AM","09:39:08 AM","10:47:25 AM","01:38:07 PM","05:02:58 PM","06:28:19 PM","07:53:41 PM","08:17:16 PM","08:30:53 PM","10:47:25 AM","11:55:42 AM","68","01:03:25 AM"
"10/30/2026","04:48:11 AM","06:13:09 AM","09:38:32 AM","10:47:00 AM","01:38:09 PM","05:03:33 PM","06:29:08 PM","07:54:43 PM","08:18:22 PM","08:32:01 PM","10:47:00 AM","11:55:28 AM","68","01:03:21 AM"
"10/31/2026","04:46:44 AM","06:12:00 AM","09:37:56 AM","10:46:35 AM","01:38:11 PM","05:04:08 PM","06:29:56 PM","07:55:45 PM","08:19:28 PM","08:33:10 PM","10:46:35 AM","11:55:13 AM","68","01:03:19 AM"
"11/1/2026","04:45:17 AM","06:10:53 AM","09:37:21 AM","10:46:11 AM","01:38:15 PM","05:04:44 PM","06:30:46 PM","07:56:48 PM","08:20:34 PM","08:34:19 PM","10:46:11 AM","11:55:00 AM","68","01:03:18 AM"
"11/2/2026","04:43:51 AM","06:09:48 AM","09:36:48 AM","10:45:48 AM","01:38:19 PM","05:05:19 PM","06:31:34 PM","07:57:50 PM","08:21:41 PM","08:35:29 PM","10:45:48 AM","11:54:48 AM","69","01:03:16 AM"
"11/3/2026","04:42:26 AM","06:08:43 AM","09:36:15 AM","10:45:26 AM","01:38:23 PM","05:05:55 PM","06:32:24 PM","07:58:53 PM","08:22:48 PM","08:36:39 PM","10:45:26 AM","11:54:37 AM","69","01:03:16 AM"
"11/4/2026","04:41:03 AM","06:07:40 AM","09:35:44 AM","10:45:05 AM","01:38:28 PM","05:06:32 PM","06:33:14 PM","07:59:56 PM","08:23:55 PM","08:37:49 PM","10:45:05 AM","11:54:26 AM","69","01:03:17 AM"
"11/5/2026","04:39:40 AM","06:06:39 AM","09:35:14 AM","10:44:46 AM","01:38:35 PM","05:07:10 PM","06:34:05 PM","08:01:00 PM","08:25:03 PM","08:39:00 PM","10:44:46 AM","11:54:17 AM","69","01:03:19 AM"
"11/6/2026","04:38:19 AM","06:05:38 AM","09:34:44 AM","10:44:26 AM","01:38:42 PM","05:07:48 PM","06:34:56 PM","08:02:04 PM","08:26:11 PM","08:40:10 PM","10:44:26 AM","11:54:08 AM","69","01:03:22 AM"
"11/7/2026","04:36:59 AM","06:04:40 AM","09:34:16 AM","10:44:09 AM","01:38:49 PM","05:08:26 PM","06:35:46 PM","08:03:07 PM","08:27:19 PM","08:41:22 PM","10:44:09 AM","11:54:01 AM","69","01:03:24 AM"
"11/8/2026","04:35:40 AM","06:03:42 AM","09:33:49 AM","10:43:52 AM","01:38:58 PM","05:09:05 PM","06:36:38 PM","08:04:12 PM","08:28:28 PM","08:42:33 PM","10:43:52 AM","11:53:54 AM","70","01:03:29 AM"
"11/9/2026","04:34:23 AM","06:02:47 AM","09:33:24 AM","10:43:36 AM","01:39:07 PM","05:09:44 PM","06:37:30 PM","08:05:16 PM","08:29:36 PM","08:43:45 PM","10:43:36 AM","11:53:49 AM","70","01:03:34 AM"
"11/10/2026","04:33:07 AM","06:01:53 AM","09:32:59 AM","10:43:22 AM","01:39:17 PM","05:10:24 PM","06:38:22 PM","08:06:20 PM","08:30:45 PM","08:44:57 PM","10:43:22 AM","11:53:44 AM","70","01:03:40 AM"
"11/11/2026","04:31:52 AM","06:01:00 AM","09:32:36 AM","10:43:08 AM","01:39:28 PM","05:11:04 PM","06:39:14 PM","08:07:25 PM","08:31:54 PM","08:46:08 PM","10:43:08 AM","11:53:40 AM","70","01:03:47 AM"
"11/12/2026","04:30:39 AM","06:00:09 AM","09:32:14 AM","10:42:55 AM","01:39:39 PM","05:11:44 PM","06:40:06 PM","08:08:29 PM","08:33:03 PM","08:47:20 PM","10:42:55 AM","11:53:37 AM","70","01:03:54 AM"
"11/13/2026","04:29:28 AM","05:59:20 AM","09:31:53 AM","10:42:44 AM","01:39:52 PM","05:12:26 PM","06:41:00 PM","08:09:34 PM","08:34:12 PM","08:48:32 PM","10:42:44 AM","11:53:35 AM","70","01:04:03 AM"
"11/14/2026","04:28:18 AM","05:58:32 AM","09:31:33 AM","10:42:34 AM","01:40:05 PM","05:13:06 PM","06:41:52 PM","08:10:38 PM","08:35:21 PM","08:49:45 PM","10:42:34 AM","11:53:34 AM","71","01:04:12 AM"
"11/15/2026","04:27:10 AM","05:57:47 AM","09:31:16 AM","10:42:25 AM","01:40:19 PM","05:13:48 PM","06:42:45 PM","08:11:43 PM","08:36:30 PM","08:50:57 PM","10:42:25 AM","11:53:35 AM","71","01:04:22 AM"
"11/16/2026","04:26:03 AM","05:57:02 AM","09:30:58 AM","10:42:17 AM","01:40:33 PM","05:14:30 PM","06:43:38 PM","08:12:47 PM","08:37:39 PM","08:52:08 PM","10:42:17 AM","11:53:35 AM","71","01:04:33 AM"
"11/17/2026","04:24:59 AM","05:56:20 AM","09:30:43 AM","10:42:10 AM","01:40:49 PM","05:15:12 PM","06:44:32 PM","08:13:52 PM","08:38:47 PM","08:53:20 PM","10:42:10 AM","11:53:38 AM","71","01:04:46 AM"
"11/18/2026","04:23:56 AM","05:55:40 AM","09:30:29 AM","10:42:05 AM","01:41:06 PM","05:15:55 PM","06:45:25 PM","08:14:56 PM","08:39:56 PM","08:54:32 PM","10:42:05 AM","11:53:41 AM","71","01:04:58 AM"
"11/19/2026","04:22:55 AM","05:55:01 AM","09:30:15 AM","10:42:00 AM","01:41:22 PM","05:16:37 PM","06:46:18 PM","08:16:00 PM","08:41:04 PM","08:55:43 PM","10:42:00 AM","11:53:45 AM","71","01:05:12 AM"
"11/20/2026","04:21:56 AM","05:54:24 AM","09:30:04 AM","10:41:57 AM","01:41:40 PM","05:17:20 PM","06:47:12 PM","08:17:04 PM","08:42:12 PM","08:56:54 PM","10:41:57 AM","11:53:50 AM","71","01:05:26 AM"
"11/21/2026","04:20:59 AM","05:53:49 AM","09:29:53 AM","10:41:55 AM","01:41:58 PM","05:18:03 PM","06:48:05 PM","08:18:07 PM","08:43:20 PM","08:58:05 PM","10:41:55 AM","11:53:56 AM","72","01:05:42 AM"
"11/22/2026","04:20:04 AM","05:53:17 AM","09:29:45 AM","10:41:54 AM","01:42:18 PM","05:18:46 PM","06:48:58 PM","08:19:10 PM","08:44:28 PM","08:59:15 PM","10:41:54 AM","11:54:04 AM","72","01:05:57 AM"
"11/23/2026","04:19:12 AM","05:52:45 AM","09:29:37 AM","10:41:54 AM","01:42:37 PM","05:19:29 PM","06:49:51 PM","08:20:13 PM","08:45:35 PM","09:00:25 PM","10:41:54 AM","11:54:11 AM","72","01:06:14 AM"
"11/24/2026","04:18:21 AM","05:52:16 AM","09:29:30 AM","10:41:55 AM","01:42:57 PM","05:20:12 PM","06:50:43 PM","08:21:15 PM","08:46:41 PM","09:01:34 PM","10:41:55 AM","11:54:20 AM","72","01:06:32 AM"
"11/25/2026","04:17:33 AM","05:51:49 AM","09:29:26 AM","10:41:58 AM","01:43:19 PM","05:20:56 PM","06:51:36 PM","08:22:17 PM","08:47:47 PM","09:02:43 PM","10:41:58 AM","11:54:30 AM","72","01:06:50 AM"
"11/26/2026","04:16:47 AM","05:51:24 AM","09:29:22 AM","10:42:02 AM","01:43:41 PM","05:21:40 PM","06:52:29 PM","08:23:19 PM","08:48:52 PM","09:03:51 PM","10:42:02 AM","11:54:41 AM","72","01:07:10 AM"
"11/27/2026","04:16:03 AM","05:51:01 AM","09:29:20 AM","10:42:07 AM","01:44:03 PM","05:22:22 PM","06:53:20 PM","08:24:19 PM","08:49:57 PM","09:04:58 PM","10:42:07 AM","11:54:53 AM","72","01:07:29 AM"
"11/28/2026","04:15:22 AM","05:50:40 AM","09:29:20 AM","10:42:13 AM","01:44:26 PM","05:23:06 PM","06:54:13 PM","08:25:20 PM","08:51:01 PM","09:06:05 PM","10:42:13 AM","11:55:06 AM","72","01:07:50 AM"
"11/29/2026","04:14:44 AM","05:50:21 AM","09:29:20 AM","10:42:20 AM","01:44:49 PM","05:23:49 PM","06:55:04 PM","08:26:19 PM","08:52:04 PM","09:07:11 PM","10:42:20 AM","11:55:20 AM","72","01:08:11 AM"
"11/30/2026","04:14:07 AM","05:50:04 AM","09:29:22 AM","10:42:28 AM","01:45:14 PM","05:24:32 PM","06:55:55 PM","08:27:18 PM","08:53:06 PM","09:08:16 PM","10:42:28 AM","11:55:34 AM","73","01:08:34 AM"
"12/1/2026","04:13:34 AM","05:49:50 AM","09:29:26 AM","10:42:38 AM","01:45:39 PM","05:25:15 PM","06:56:45 PM","08:28:16 PM","08:54:08 PM","09:09:20 PM","10:42:38 AM","11:55:50 AM","73","01:08:56 AM"
"12/2/2026","04:13:03 AM","05:49:37 AM","09:29:31 AM","10:42:49 AM","01:46:04 PM","05:25:58 PM","06:57:35 PM","08:29:13 PM","08:55:08 PM","09:10:22 PM","10:42:49 AM","11:56:07 AM","73","01:09:19 AM"
"12/3/2026","04:12:35 AM","05:49:26 AM","09:29:36 AM","10:43:00 AM","01:46:29 PM","05:26:40 PM","06:58:24 PM","08:30:09 PM","08:56:08 PM","09:11:24 PM","10:43:00 AM","11:56:23 AM","73","01:09:43 AM"
"12/4/2026","04:12:09 AM","05:49:18 AM","09:29:44 AM","10:43:13 AM","01:46:55 PM","05:27:21 PM","06:59:12 PM","08:31:04 PM","08:57:06 PM","09:12:25 PM","10:43:13 AM","11:56:42 AM","73","01:10:08 AM"
"12/5/2026","04:11:46 AM","05:49:12 AM","09:29:53 AM","10:43:27 AM","01:47:22 PM","05:28:04 PM","07:00:01 PM","08:31:59 PM","08:58:04 PM","09:13:24 PM","10:43:27 AM","11:57:01 AM","73","01:10:33 AM"
"12/6/2026","04:11:26 AM","05:49:07 AM","09:30:03 AM","10:43:42 AM","01:47:48 PM","05:28:45 PM","07:00:48 PM","08:32:52 PM","08:59:00 PM","09:14:22 PM","10:43:42 AM","11:57:20 AM","73","01:10:58 AM"
"12/7/2026","04:11:09 AM","05:49:05 AM","09:30:14 AM","10:43:58 AM","01:48:16 PM","05:29:25 PM","07:01:34 PM","08:33:44 PM","08:59:55 PM","09:15:19 PM","10:43:58 AM","11:57:41 AM","73","01:11:24 AM"
"12/8/2026","04:10:55 AM","05:49:05 AM","09:30:27 AM","10:44:15 AM","01:48:43 PM","05:30:06 PM","07:02:20 PM","08:34:35 PM","09:00:48 PM","09:16:14 PM","10:44:15 AM","11:58:02 AM","73","01:11:51 AM"
"12/9/2026","04:10:43 AM","05:49:07 AM","09:30:41 AM","10:44:33 AM","01:49:11 PM","05:30:46 PM","07:03:05 PM","08:35:25 PM","09:01:40 PM","09:17:08 PM","10:44:33 AM","11:58:24 AM","73","01:12:18 AM"
"12/10/2026","04:10:35 AM","05:49:12 AM","09:30:57 AM","10:44:52 AM","01:49:40 PM","05:31:25 PM","07:03:49 PM","08:36:13 PM","09:02:31 PM","09:18:00 PM","10:44:52 AM","11:58:47 AM","73","01:12:45 AM"
"12/11/2026","04:10:30 AM","05:49:18 AM","09:31:13 AM","10:45:12 AM","01:50:08 PM","05:32:04 PM","07:04:32 PM","08:37:01 PM","09:03:20 PM","09:18:51 PM","10:45:12 AM","11:59:10 AM","73","01:13:13 AM"
"12/12/2026","04:10:27 AM","05:49:26 AM","09:31:31 AM","10:45:32 AM","01:50:36 PM","05:32:41 PM","07:05:13 PM","08:37:46 PM","09:04:08 PM","09:19:40 PM","10:45:32 AM","11:59:34 AM","74","01:13:41 AM"
"12/13/2026","04:10:28 AM","05:49:37 AM","09:31:50 AM","10:45:55 AM","01:51:06 PM","05:33:19 PM","07:05:55 PM","08:38:31 PM","09:04:54 PM","09:20:27 PM","10:45:55 AM","11:59:59 AM","74","01:14:10 AM"
"12/14/2026","04:10:31 AM","05:49:50 AM","09:32:11 AM","10:46:18 AM","01:51:35 PM","05:33:56 PM","07:06:35 PM","08:39:14 PM","09:05:38 PM","09:21:13 PM","10:46:18 AM","12:00:25 PM","74","01:14:39 AM"
"12/15/2026","04:10:38 AM","05:50:04 AM","09:32:31 AM","10:46:41 AM","01:52:04 PM","05:34:31 PM","07:07:13 PM","08:39:55 PM","09:06:21 PM","09:21:56 PM","10:46:41 AM","12:00:50 PM","74","01:15:08 AM"
"12/16/2026","04:10:48 AM","05:50:21 AM","09:32:54 AM","10:47:05 AM","01:52:33 PM","05:35:07 PM","07:07:51 PM","08:40:35 PM","09:07:02 PM","09:22:38 PM","10:47:05 AM","12:01:16 PM","74","01:15:37 AM"
"12/17/2026","04:11:01 AM","05:50:40 AM","09:33:18 AM","10:47:31 AM","01:53:02 PM","05:35:41 PM","07:08:27 PM","08:41:13 PM","09:07:41 PM","09:23:18 PM","10:47:31 AM","12:01:43 PM","74","01:16:07 AM"
"12/18/2026","04:11:16 AM","05:51:01 AM","09:33:43 AM","10:47:57 AM","01:53:32 PM","05:36:14 PM","07:09:02 PM","08:41:50 PM","09:08:19 PM","09:23:56 PM","10:47:57 AM","12:02:11 PM","74","01:16:37 AM"
"12/19/2026","04:11:35 AM","05:51:24 AM","09:34:09 AM","10:48:24 AM","01:54:02 PM","05:36:47 PM","07:09:36 PM","08:42:25 PM","09:08:54 PM","09:24:32 PM","10:48:24 AM","12:02:39 PM","74","01:17:07 AM"
"12/20/2026","04:11:57 AM","05:51:49 AM","09:34:36 AM","10:48:52 AM","01:54:31 PM","05:37:18 PM","07:10:08 PM","08:42:58 PM","09:09:28 PM","09:25:06 PM","10:48:52 AM","12:03:07 PM","74","01:17:36 AM"
"12/21/2026","04:12:22 AM","05:52:15 AM","09:35:03 AM","10:49:20 AM","01:55:00 PM","05:37:49 PM","07:10:39 PM","08:43:30 PM","09:10:00 PM","09:25:37 PM","10:49:20 AM","12:03:36 PM","74","01:18:07 AM"
"12/22/2026","04:12:50 AM","05:52:44 AM","09:35:33 AM","10:49:49 AM","01:55:30 PM","05:38:19 PM","07:11:09 PM","08:44:00 PM","09:10:29 PM","09:26:07 PM","10:49:49 AM","12:04:05 PM","74","01:18:37 AM"
"12/23/2026","04:13:20 AM","05:53:14 AM","09:36:02 AM","10:50:18 AM","01:55:58 PM","05:38:46 PM","07:11:36 PM","08:44:27 PM","09:10:57 PM","09:26:34 PM","10:50:18 AM","12:04:34 PM","74","01:19:07 AM"
"12/24/2026","04:13:54 AM","05:53:47 AM","09:36:33 AM","10:50:49 AM","01:56:27 PM","05:39:14 PM","07:12:03 PM","08:44:53 PM","09:11:22 PM","09:27:00 PM","10:50:49 AM","12:05:04 PM","74","01:19:37 AM"
"12/25/2026","04:14:31 AM","05:54:21 AM","09:37:05 AM","10:51:19 AM","01:56:56 PM","05:39:40 PM","07:12:28 PM","08:45:17 PM","09:11:46 PM","09:27:23 PM","10:51:19 AM","12:05:34 PM","74","01:20:07 AM"
"12/26/2026","04:15:10 AM","05:54:57 AM","09:37:37 AM","10:51:51 AM","01:57:25 PM","05:40:06 PM","07:12:53 PM","08:45:40 PM","09:12:07 PM","09:27:43 PM","10:51:51 AM","12:06:04 PM","74","01:20:37 AM"
"12/27/2026","04:15:52 AM","05:55:35 AM","09:38:11 AM","10:52:23 AM","01:57:53 PM","05:40:29 PM","07:13:14 PM","08:46:00 PM","09:12:26 PM","09:28:02 PM","10:52:23 AM","12:06:35 PM","74","01:21:07 AM"
"12/28/2026","04:16:37 AM","05:56:14 AM","09:38:45 AM","10:52:55 AM","01:58:21 PM","05:40:52 PM","07:13:35 PM","08:46:18 PM","09:12:43 PM","09:28:18 PM","10:52:55 AM","12:07:05 PM","74","01:21:36 AM"
"12/29/2026","04:17:25 AM","05:56:55 AM","09:39:19 AM","10:53:28 AM","01:58:48 PM","05:41:13 PM","07:13:53 PM","08:46:34 PM","09:12:58 PM","09:28:32 PM","10:53:28 AM","12:07:36 PM","74","01:22:06 AM"
"12/30/2026","04:18:15 AM","05:57:38 AM","09:39:55 AM","10:54:01 AM","01:59:16 PM","05:41:34 PM","07:14:11 PM","08:46:49 PM","09:13:11 PM","09:28:44 PM","10:54:01 AM","12:08:07 PM","74","01:22:35 AM"
"12/31/2026","04:19:08 AM","05:58:22 AM","09:40:31 AM","10:54:35 AM","01:59:43 PM","05:41:52 PM","07:14:26 PM","08:47:01 PM","09:13:21 PM","09:28:53 PM","10:54:35 AM","12:08:38 PM","74","01:23:04 AM"
"1/1/2027","04:20:03 AM","05:59:08 AM","09:41:08 AM","10:55:09 AM","02:00:09 PM","05:42:10 PM","07:14:40 PM","08:47:11 PM","09:13:30 PM","09:29:00 PM","10:55:09 AM","12:09:09 PM","74","01:23:33 AM"
"1/2/2027","04:21:01 AM","05:59:55 AM","09:41:46 AM","10:55:43 AM","02:00:35 PM","05:42:26 PM","07:14:52 PM","08:47:19 PM","09:13:36 PM","09:29:04 PM","10:55:43 AM","12:09:40 PM","73","01:24:01 AM"
"1/3/2027","04:22:01 AM","06:00:44 AM","09:42:24 AM","10:56:17 AM","02:01:01 PM","05:42:41 PM","07:15:03 PM","08:47:25 PM","09:13:39 PM","09:29:06 PM","10:56:17 AM","12:10:11 PM","73","01:24:29 AM"
"1/4/2027","04:23:03 AM","06:01:34 AM","09:43:02 AM","10:56:52 AM","02:01:26 PM","05:42:55 PM","07:15:12 PM","08:47:29 PM","09:13:41 PM","09:29:06 PM","10:56:52 AM","12:10:41 PM","73","01:24:57 AM"
"1/5/2027","04:24:08 AM","06:02:25 AM","09:43:41 AM","10:57:27 AM","02:01:50 PM","05:43:07 PM","07:15:19 PM","08:47:31 PM","09:13:40 PM","09:29:04 PM","10:57:27 AM","12:11:12 PM","73","01:25:24 AM"
"1/6/2027","04:25:14 AM","06:03:18 AM","09:44:21 AM","10:58:02 AM","02:02:15 PM","05:43:18 PM","07:15:24 PM","08:47:31 PM","09:13:37 PM","09:28:59 PM","10:58:02 AM","12:11:43 PM","73","01:25:51 AM"
"1/7/2027","04:26:23 AM","06:04:11 AM","09:45:00 AM","10:58:37 AM","02:02:38 PM","05:43:27 PM","07:15:28 PM","08:47:29 PM","09:13:32 PM","09:28:52 PM","10:58:37 AM","12:12:13 PM","73","01:26:17 AM"
"1/8/2027","04:27:33 AM","06:05:06 AM","09:45:40 AM","10:59:12 AM","02:03:01 PM","05:43:36 PM","07:15:30 PM","08:47:25 PM","09:13:25 PM","09:28:42 PM","10:59:12 AM","12:12:43 PM","73","01:26:43 AM"
"1/9/2027","04:28:45 AM","06:06:02 AM","09:46:21 AM","10:59:47 AM","02:03:23 PM","05:43:42 PM","07:15:30 PM","08:47:18 PM","09:13:15 PM","09:28:30 PM","10:59:47 AM","12:13:13 PM","73","01:27:09 AM"
"1/10/2027","04:29:59 AM","06:07:00 AM","09:47:02 AM","11:00:23 AM","02:03:45 PM","05:43:47 PM","07:15:28 PM","08:47:10 PM","09:13:03 PM","09:28:16 PM","11:00:23 AM","12:13:44 PM","73","01:27:34 AM"
"1/11/2027","04:31:15 AM","06:07:58 AM","09:47:43 AM","11:00:58 AM","02:04:06 PM","05:43:51 PM","07:15:25 PM","08:46:59 PM","09:12:49 PM","09:28:00 PM","11:00:58 AM","12:14:13 PM","73","01:27:58 AM"
"1/12/2027","04:32:32 AM","06:08:57 AM","09:48:24 AM","11:01:33 AM","02:04:26 PM","05:43:53 PM","07:15:19 PM","08:46:46 PM","09:12:33 PM","09:27:41 PM","11:01:33 AM","12:14:42 PM","73","01:28:21 AM"
"1/13/2027","04:33:51 AM","06:09:57 AM","09:49:05 AM","11:02:08 AM","02:04:45 PM","05:43:54 PM","07:15:13 PM","08:46:32 PM","09:12:15 PM","09:27:20 PM","11:02:08 AM","12:15:11 PM","73","01:28:45 AM"
"1/14/2027","04:35:11 AM","06:10:58 AM","09:49:47 AM","11:02:43 AM","02:05:04 PM","05:43:53 PM","07:15:04 PM","08:46:15 PM","09:11:54 PM","09:26:57 PM","11:02:43 AM","12:15:40 PM","72","01:29:07 AM"
"1/15/2027","04:36:32 AM","06:11:59 AM","09:50:28 AM","11:03:18 AM","02:05:22 PM","05:43:51 PM","07:14:53 PM","08:45:56 PM","09:11:32 PM","09:26:32 PM","11:03:18 AM","12:16:07 PM","72","01:29:29 AM"
"1/16/2027","04:37:54 AM","06:13:02 AM","09:51:10 AM","11:03:53 AM","02:05:40 PM","05:43:48 PM","07:14:42 PM","08:45:36 PM","09:11:07 PM","09:26:04 PM","11:03:53 AM","12:16:36 PM","72","01:29:50 AM"
"1/17/2027","04:39:18 AM","06:14:05 AM","09:51:52 AM","11:04:27 AM","02:05:56 PM","05:43:43 PM","07:14:28 PM","08:45:13 PM","09:10:40 PM","09:25:35 PM","11:04:27 AM","12:17:03 PM","72","01:30:10 AM"
"1/18/2027","04:40:42 AM","06:15:08 AM","09:52:33 AM","11:05:01 AM","02:06:12 PM","05:43:37 PM","07:14:12 PM","08:44:48 PM","09:10:11 PM","09:25:03 PM","11:05:01 AM","12:17:29 PM","72","01:30:30 AM"
"1/19/2027","04:42:07 AM","06:16:12 AM","09:53:14 AM","11:05:35 AM","02:06:26 PM","05:43:29 PM","07:13:55 PM","08:44:21 PM","09:09:40 PM","09:24:29 PM","11:05:35 AM","12:17:55 PM","72","01:30:49 AM"
"1/20/2027","04:43:34 AM","06:17:17 AM","09:53:56 AM","11:06:09 AM","02:06:41 PM","05:43:20 PM","07:13:36 PM","08:43:53 PM","09:09:07 PM","09:23:53 PM","11:06:09 AM","12:18:22 PM","72","01:31:07 AM"
"1/21/2027","04:45:01 AM","06:18:22 AM","09:54:37 AM","11:06:42 AM","02:06:54 PM","05:43:09 PM","07:13:15 PM","08:43:22 PM","09:08:32 PM","09:23:15 PM","11:06:42 AM","12:18:47 PM","72","01:31:25 AM"
"1/22/2027","04:46:28 AM","06:19:28 AM","09:55:18 AM","11:07:15 AM","02:07:06 PM","05:42:57 PM","07:12:53 PM","08:42:49 PM","09:07:56 PM","09:22:36 PM","11:07:15 AM","12:19:11 PM","71","01:31:41 AM"
"1/23/2027","04:47:56 AM","06:20:34 AM","09:55:59 AM","11:07:47 AM","02:07:18 PM","05:42:43 PM","07:12:29 PM","08:42:15 PM","09:07:17 PM","09:21:54 PM","11:07:47 AM","12:19:36 PM","71","01:31:57 AM"
"1/24/2027","04:49:25 AM","06:21:40 AM","09:56:39 AM","11:08:19 AM","02:07:29 PM","05:42:29 PM","07:12:04 PM","08:41:39 PM","09:06:36 PM","09:21:10 PM","11:08:19 AM","12:19:59 PM","71","01:32:13 AM"
"1/25/2027","04:50:54 AM","06:22:47 AM","09:57:20 AM","11:08:51 AM","02:07:39 PM","05:42:13 PM","07:11:37 PM","08:41:01 PM","09:05:54 PM","09:20:24 PM","11:08:51 AM","12:20:22 PM","71","01:32:27 AM"
"1/26/2027","04:52:23 AM","06:23:54 AM","09:58:00 AM","11:09:23 AM","02:07:48 PM","05:41:55 PM","07:11:08 PM","08:40:21 PM","09:05:09 PM","09:19:37 PM","11:09:23 AM","12:20:45 PM","71","01:32:41 AM"
"1/27/2027","04:53:53 AM","06:25:01 AM","09:58:40 AM","11:09:53 AM","02:07:56 PM","05:41:36 PM","07:10:37 PM","08:39:39 PM","09:04:23 PM","09:18:48 PM","11:09:53 AM","12:21:06 PM","71","01:32:53 AM"
"1/28/2027","04:55:23 AM","06:26:08 AM","09:59:20 AM","11:10:24 AM","02:08:04 PM","05:41:16 PM","07:10:06 PM","08:38:56 PM","09:03:35 PM","09:17:57 PM","11:10:24 AM","12:21:28 PM","71","01:33:06 AM"
"1/29/2027","04:56:52 AM","06:27:16 AM","09:59:59 AM","11:10:54 AM","02:08:10 PM","05:40:53 PM","07:09:31 PM","08:38:10 PM","09:02:45 PM","09:17:04 PM","11:10:54 AM","12:21:48 PM","70","01:33:16 AM"
"1/30/2027","04:58:22 AM","06:28:23 AM","10:00:38 AM","11:11:23 AM","02:08:16 PM","05:40:31 PM","07:08:57 PM","08:37:24 PM","09:01:54 PM","09:16:10 PM","11:11:23 AM","12:22:08 PM","70","01:33:27 AM"
"1/31/2027","04:59:52 AM","06:29:31 AM","10:01:17 AM","11:11:52 AM","02:08:20 PM","05:40:06 PM","07:08:20 PM","08:36:35 PM","09:01:01 PM","09:15:13 PM","11:11:52 AM","12:22:27 PM","70","01:33:36 AM"
"2/1/2027","05:01:22 AM","06:30:38 AM","10:01:54 AM","11:12:20 AM","02:08:24 PM","05:39:41 PM","07:07:43 PM","08:35:45 PM","09:00:07 PM","09:14:16 PM","11:12:20 AM","12:22:45 PM","70","01:33:45 AM"
"2/2/2027","05:02:52 AM","06:31:46 AM","10:02:32 AM","11:12:48 AM","02:08:27 PM","05:39:14 PM","07:07:03 PM","08:34:53 PM","08:59:10 PM","09:13:17 PM","11:12:48 AM","12:23:03 PM","70","01:33:53 AM"
"2/3/2027","05:04:21 AM","06:32:53 AM","10:03:09 AM","11:13:15 AM","02:08:29 PM","05:38:46 PM","07:06:23 PM","08:34:00 PM","08:58:13 PM","09:12:16 PM","11:13:15 AM","12:23:20 PM","70","01:34:00 AM"
"2/4/2027","05:05:51 AM","06:34:00 AM","10:03:46 AM","11:13:41 AM","02:08:30 PM","05:38:16 PM","07:05:40 PM","08:33:05 PM","08:57:13 PM","09:11:14 PM","11:13:41 AM","12:23:37 PM","69","01:34:06 AM"
"2/5/2027","05:07:20 AM","06:35:08 AM","10:04:23 AM","11:14:08 AM","02:08:31 PM","05:37:46 PM","07:04:57 PM","08:32:09 PM","08:56:13 PM","09:10:10 PM","11:14:08 AM","12:23:53 PM","69","01:34:12 AM"
"2/6/2027","05:08:48 AM","06:36:15 AM","10:04:59 AM","11:14:33 AM","02:08:30 PM","05:37:14 PM","07:04:12 PM","08:31:11 PM","08:55:10 PM","09:09:05 PM","11:14:33 AM","12:24:08 PM","69","01:34:16 AM"
"2/7/2027","05:10:16 AM","06:37:22 AM","10:05:34 AM","11:14:58 AM","02:08:29 PM","05:36:41 PM","07:03:26 PM","08:30:12 PM","08:54:07 PM","09:07:58 PM","11:14:58 AM","12:24:22 PM","69","01:34:20 AM"
"2/8/2027","05:11:44 AM","06:38:29 AM","10:06:09 AM","11:15:23 AM","02:08:26 PM","05:36:07 PM","07:02:39 PM","08:29:11 PM","08:53:02 PM","09:06:50 PM","11:15:23 AM","12:24:36 PM","69","01:34:23 AM"
"2/9/2027","05:13:12 AM","06:39:35 AM","10:06:43 AM","11:15:46 AM","02:08:23 PM","05:35:31 PM","07:01:50 PM","08:28:09 PM","08:51:56 PM","09:05:41 PM","11:15:46 AM","12:24:49 PM","69","01:34:25 AM"
"2/10/2027","05:14:38 AM","06:40:41 AM","10:07:17 AM","11:16:09 AM","02:08:19 PM","05:34:55 PM","07:01:00 PM","08:27:05 PM","08:50:48 PM","09:04:31 PM","11:16:09 AM","12:25:01 PM","68","01:34:26 AM"
"2/11/2027","05:16:05 AM","06:41:47 AM","10:07:50 AM","11:16:31 AM","02:08:14 PM","05:34:18 PM","07:00:09 PM","08:26:01 PM","08:49:40 PM","09:03:19 PM","11:16:31 AM","12:25:12 PM","68","01:34:27 AM"
"2/12/2027","05:17:31 AM","06:42:53 AM","10:08:23 AM","11:16:53 AM","02:08:09 PM","05:33:39 PM","06:59:17 PM","08:24:55 PM","08:48:30 PM","09:02:07 PM","11:16:53 AM","12:25:23 PM","68","01:34:27 AM"
"2/13/2027","05:18:56 AM","06:43:59 AM","10:08:56 AM","11:17:15 AM","02:08:03 PM","05:33:00 PM","06:58:24 PM","08:23:48 PM","08:47:18 PM","09:00:53 PM","11:17:15 AM","12:25:34 PM","68","01:34:26 AM"
"2/14/2027","05:20:20 AM","06:45:04 AM","10:09:27 AM","11:17:35 AM","02:07:55 PM","05:32:19 PM","06:57:29 PM","08:22:39 PM","08:46:06 PM","08:59:38 PM","11:17:35 AM","12:25:43 PM","68","01:34:24 AM"
"2/15/2027","05:21:44 AM","06:46:09 AM","10:09:59 AM","11:17:56 AM","02:07:47 PM","05:31:38 PM","06:56:34 PM","08:21:30 PM","08:44:53 PM","08:58:22 PM","11:17:56 AM","12:25:52 PM","67","01:34:21 AM"
"2/16/2027","05:23:07 AM","06:47:13 AM","10:10:29 AM","11:18:15 AM","02:07:38 PM","05:30:55 PM","06:55:37 PM","08:20:19 PM","08:43:38 PM","08:57:05 PM","11:18:15 AM","12:26:00 PM","67","01:34:18 AM"
"2/17/2027","05:24:30 AM","06:48:18 AM","10:11:00 AM","11:18:34 AM","02:07:29 PM","05:30:11 PM","06:54:39 PM","08:19:07 PM","08:42:23 PM","08:55:47 PM","11:18:34 AM","12:26:08 PM","67","01:34:14 AM"
"2/18/2027","05:25:52 AM","06:49:21 AM","10:11:29 AM","11:18:52 AM","02:07:18 PM","05:29:27 PM","06:53:40 PM","08:17:54 PM","08:41:06 PM","08:54:28 PM","11:18:52 AM","12:26:14 PM","67","01:34:09 AM"
"2/19/2027","05:27:13 AM","06:50:25 AM","10:11:58 AM","11:19:10 AM","02:07:08 PM","05:28:41 PM","06:52:40 PM","08:16:40 PM","08:39:49 PM","08:53:08 PM","11:19:10 AM","12:26:21 PM","67","01:34:04 AM"
"2/20/2027","05:28:33 AM","06:51:28 AM","10:12:27 AM","11:19:27 AM","02:06:56 PM","05:27:56 PM","06:51:41 PM","08:15:26 PM","08:38:31 PM","08:51:48 PM","11:19:27 AM","12:26:27 PM","66","01:33:58 AM"
"2/21/2027","05:29:53 AM","06:52:31 AM","10:12:55 AM","11:19:44 AM","02:06:44 PM","05:27:09 PM","06:50:39 PM","08:14:10 PM","08:37:12 PM","08:50:26 PM","11:19:44 AM","12:26:32 PM","66","01:33:51 AM"
"2/22/2027","05:31:12 AM","06:53:33 AM","10:13:23 AM","11:19:59 AM","02:06:31 PM","05:26:21 PM","06:49:37 PM","08:12:53 PM","08:35:52 PM","08:49:04 PM","11:19:59 AM","12:26:36 PM","66","01:33:44 AM"
"2/23/2027","05:32:30 AM","06:54:35 AM","10:13:50 AM","11:20:15 AM","02:06:17 PM","05:25:32 PM","06:48:33 PM","08:11:35 PM","08:34:31 PM","08:47:41 PM","11:20:15 AM","12:26:40 PM","66","01:33:36 AM"
"2/24/2027","05:33:47 AM","06:55:37 AM","10:14:17 AM","11:20:30 AM","02:06:03 PM","05:24:43 PM","06:47:30 PM","08:10:17 PM","08:33:09 PM","08:46:17 PM","11:20:30 AM","12:26:43 PM","66","01:33:27 AM"
"2/25/2027","05:35:04 AM","06:56:38 AM","10:14:43 AM","11:20:44 AM","02:05:48 PM","05:23:53 PM","06:46:25 PM","08:08:58 PM","08:31:47 PM","08:44:53 PM","11:20:44 AM","12:26:46 PM","66","01:33:18 AM"
"2/26/2027","05:36:20 AM","06:57:39 AM","10:15:08 AM","11:20:58 AM","02:05:33 PM","05:23:03 PM","06:45:20 PM","08:07:38 PM","08:30:24 PM","08:43:28 PM","11:20:58 AM","12:26:48 PM","65","01:33:09 AM"
"2/27/2027","05:37:35 AM","06:58:40 AM","10:15:34 AM","11:21:12 AM","02:05:17 PM","05:22:11 PM","06:44:14 PM","08:06:17 PM","08:29:00 PM","08:42:02 PM","11:21:12 AM","12:26:50 PM","65","01:32:58 AM"
"2/28/2027","05:38:49 AM","06:59:40 AM","10:15:58 AM","11:21:25 AM","02:05:00 PM","05:21:19 PM","06:43:07 PM","08:04:55 PM","08:27:36 PM","08:40:36 PM","11:21:25 AM","12:26:51 PM","65","01:32:47 AM"
"3/1/2027","05:40:03 AM","07:00:40 AM","10:16:23 AM","11:21:37 AM","02:04:43 PM","05:20:26 PM","06:41:59 PM","08:03:33 PM","08:26:11 PM","08:39:09 PM","11:21:37 AM","12:26:52 PM","65","01:32:36 AM"
"3/2/2027","05:41:15 AM","07:01:39 AM","10:16:46 AM","11:21:49 AM","02:04:25 PM","05:19:33 PM","06:40:51 PM","08:02:10 PM","08:24:46 PM","08:37:42 PM","11:21:49 AM","12:26:51 PM","65","01:32:24 AM"
"3/3/2027","05:42:27 AM","07:02:38 AM","10:17:10 AM","11:22:00 AM","02:04:07 PM","05:18:39 PM","06:39:42 PM","08:00:46 PM","08:23:20 PM","08:36:14 PM","11:22:00 AM","12:26:51 PM","64","01:32:11 AM"
"3/4/2027","05:43:38 AM","07:03:37 AM","10:17:33 AM","11:22:12 AM","02:03:48 PM","05:17:45 PM","06:38:33 PM","07:59:22 PM","08:21:54 PM","08:34:46 PM","11:22:12 AM","12:26:50 PM","64","01:31:58 AM"
"3/5/2027","05:44:49 AM","07:04:35 AM","10:17:55 AM","11:22:22 AM","02:03:29 PM","05:16:50 PM","06:37:24 PM","07:57:58 PM","08:20:27 PM","08:33:18 PM","11:22:22 AM","12:26:49 PM","64","01:31:45 AM"
"3/6/2027","05:45:58 AM","07:05:33 AM","10:18:18 AM","11:22:33 AM","02:03:10 PM","05:15:55 PM","06:36:14 PM","07:56:33 PM","08:18:59 PM","08:31:49 PM","11:22:33 AM","12:26:48 PM","64","01:31:32 AM"
"3/7/2027","05:47:07 AM","07:06:31 AM","10:18:40 AM","11:22:43 AM","02:02:50 PM","05:14:59 PM","06:35:03 PM","07:55:07 PM","08:17:32 PM","08:30:20 PM","11:22:43 AM","12:26:46 PM","64","01:31:17 AM"
"3/8/2027","05:48:15 AM","07:07:28 AM","10:19:01 AM","11:22:52 AM","02:02:30 PM","05:14:03 PM","06:33:52 PM","07:53:41 PM","08:16:04 PM","08:28:50 PM","11:22:52 AM","12:26:43 PM","63","01:31:03 AM"
"3/9/2027","05:49:23 AM","07:08:25 AM","10:19:22 AM","11:23:01 AM","02:02:09 PM","05:13:06 PM","06:32:40 PM","07:52:14 PM","08:14:35 PM","08:27:21 PM","11:23:01 AM","12:26:40 PM","63","01:30:48 AM"
"3/10/2027","05:50:29 AM","07:09:22 AM","10:19:43 AM","11:23:10 AM","02:01:48 PM","05:12:09 PM","06:31:28 PM","07:50:47 PM","08:13:07 PM","08:25:51 PM","11:23:10 AM","12:26:37 PM","63","01:30:32 AM"
"3/11/2027","05:51:35 AM","07:10:18 AM","10:20:03 AM","11:23:18 AM","02:01:26 PM","05:11:12 PM","06:30:16 PM","07:49:20 PM","08:11:38 PM","08:24:21 PM","11:23:18 AM","12:26:33 PM","63","01:30:17 AM"
"3/12/2027","05:52:40 AM","07:11:14 AM","10:20:23 AM","11:23:26 AM","02:01:04 PM","05:10:14 PM","06:29:03 PM","07:47:52 PM","08:10:09 PM","08:22:50 PM","11:23:26 AM","12:26:29 PM","63","01:30:01 AM"
"3/13/2027","05:53:45 AM","07:12:10 AM","10:20:43 AM","11:23:34 AM","02:00:42 PM","05:09:16 PM","06:27:50 PM","07:46:24 PM","08:08:39 PM","08:21:20 PM","11:23:34 AM","12:26:25 PM","62","01:29:45 AM"
"3/14/2027","05:54:49 AM","07:13:06 AM","10:21:03 AM","11:23:42 AM","02:00:20 PM","05:08:18 PM","06:26:37 PM","07:44:56 PM","08:07:10 PM","08:19:49 PM","11:23:42 AM","12:26:21 PM","62","01:29:28 AM"
"3/15/2027","05:55:52 AM","07:14:01 AM","10:21:22 AM","11:23:50 AM","01:59:58 PM","05:07:19 PM","06:25:23 PM","07:43:28 PM","08:05:40 PM","08:18:19 PM","11:23:50 AM","12:26:17 PM","62","01:29:12 AM"
"3/16/2027","05:56:54 AM","07:14:56 AM","10:21:41 AM","11:23:57 AM","01:59:35 PM","05:06:20 PM","06:24:09 PM","07:41:59 PM","08:04:11 PM","08:16:48 PM","11:23:57 AM","12:26:12 PM","62","01:28:55 AM"
"3/17/2027","05:57:56 AM","07:15:51 AM","10:22:00 AM","11:24:04 AM","01:59:12 PM","05:05:21 PM","06:22:55 PM","07:40:30 PM","08:02:41 PM","08:15:17 PM","11:24:04 AM","12:26:07 PM","62","01:28:37 AM"
"3/18/2027","05:58:57 AM","07:16:45 AM","10:22:19 AM","11:24:10 AM","01:58:48 PM","05:04:22 PM","06:21:41 PM","07:39:01 PM","08:01:11 PM","08:13:47 PM","11:24:10 AM","12:26:01 PM","61","01:28:20 AM"
"3/19/2027","05:59:58 AM","07:17:40 AM","10:22:38 AM","11:24:17 AM","01:58:25 PM","05:03:23 PM","06:20:27 PM","07:37:32 PM","07:59:41 PM","08:12:16 PM","11:24:17 AM","12:25:56 PM","61","01:28:03 AM"
"3/20/2027","06:00:58 AM","07:18:34 AM","10:22:56 AM","11:24:23 AM","01:58:02 PM","05:02:24 PM","06:19:13 PM","07:36:03 PM","07:58:11 PM","08:10:46 PM","11:24:23 AM","12:25:51 PM","61","01:27:45 AM"
"3/21/2027","06:01:57 AM","07:19:28 AM","10:23:14 AM","11:24:30 AM","01:57:38 PM","05:01:25 PM","06:17:59 PM","07:34:34 PM","07:56:42 PM","08:09:15 PM","11:24:30 AM","12:25:45 PM","61","01:27:27 AM"
"3/22/2027","06:02:56 AM","07:20:21 AM","10:23:32 AM","11:24:35 AM","01:57:14 PM","05:00:25 PM","06:16:45 PM","07:33:05 PM","07:55:12 PM","08:07:45 PM","11:24:35 AM","12:25:39 PM","61","01:27:10 AM"
"3/23/2027","06:03:54 AM","07:21:15 AM","10:23:50 AM","11:24:42 AM","01:56:51 PM","04:59:26 PM","06:15:31 PM","07:31:36 PM","07:53:42 PM","08:06:15 PM","11:24:42 AM","12:25:33 PM","60","01:26:52 AM"
"3/24/2027","06:04:52 AM","07:22:08 AM","10:24:07 AM","11:24:47 AM","01:56:26 PM","04:58:26 PM","06:14:16 PM","07:30:06 PM","07:52:13 PM","08:04:45 PM","11:24:47 AM","12:25:27 PM","60","01:26:33 AM"
"3/25/2027","06:05:49 AM","07:23:01 AM","10:24:25 AM","11:24:53 AM","01:56:03 PM","04:57:27 PM","06:13:02 PM","07:28:37 PM","07:50:43 PM","08:03:15 PM","11:24:53 AM","12:25:21 PM","60","01:26:15 AM"
"3/26/2027","06:06:45 AM","07:23:54 AM","10:24:42 AM","11:24:58 AM","01:55:39 PM","04:56:27 PM","06:11:47 PM","07:27:08 PM","07:49:14 PM","08:01:46 PM","11:24:58 AM","12:25:14 PM","60","01:25:57 AM"
"3/27/2027","06:07:41 AM","07:24:47 AM","10:25:00 AM","11:25:04 AM","01:55:15 PM","04:55:28 PM","06:10:33 PM","07:25:39 PM","07:47:45 PM","08:00:17 PM","11:25:04 AM","12:25:08 PM","60","01:25:39 AM"
"3/28/2027","06:08:37 AM","07:25:40 AM","10:25:17 AM","11:25:10 AM","01:54:51 PM","04:54:28 PM","06:09:19 PM","07:24:10 PM","07:46:17 PM","07:58:48 PM","11:25:10 AM","12:25:02 PM","59","01:25:21 AM"
"3/29/2027","06:09:32 AM","07:26:33 AM","10:25:35 AM","11:25:16 AM","01:54:27 PM","04:53:30 PM","06:08:06 PM","07:22:42 PM","07:44:48 PM","07:57:19 PM","11:25:16 AM","12:24:56 PM","59","01:25:03 AM"
"3/30/2027","06:10:27 AM","07:27:25 AM","10:25:52 AM","11:25:21 AM","01:54:04 PM","04:52:31 PM","06:06:52 PM","07:21:14 PM","07:43:20 PM","07:55:51 PM","11:25:21 AM","12:24:50 PM","59","01:24:46 AM"
"3/31/2027","06:11:21 AM","07:28:18 AM","10:26:09 AM","11:25:27 AM","01:53:40 PM","04:51:31 PM","06:05:38 PM","07:19:45 PM","07:41:53 PM","07:54:23 PM","11:25:27 AM","12:24:44 PM","59","01:24:27 AM"
"4/1/2027","06:12:14 AM","07:29:10 AM","10:26:27 AM","11:25:32 AM","01:53:16 PM","04:50:33 PM","06:04:25 PM","07:18:18 PM","07:40:25 PM","07:52:56 PM","11:25:32 AM","12:24:38 PM","59","01:24:10 AM"
"4/2/2027","06:13:08 AM","07:30:02 AM","10:26:44 AM","11:25:38 AM","01:52:53 PM","04:49:35 PM","06:03:12 PM","07:16:50 PM","07:38:58 PM","07:51:29 PM","11:25:38 AM","12:24:32 PM","58","01:23:52 AM"
"4/3/2027","06:14:01 AM","07:30:54 AM","10:27:01 AM","11:25:43 AM","01:52:29 PM","04:48:36 PM","06:01:59 PM","07:15:23 PM","07:37:32 PM","07:50:02 PM","11:25:43 AM","12:24:26 PM","58","01:23:35 AM"
"4/4/2027","05:14:53 AM","06:31:47 AM","09:27:19 AM","10:25:50 AM","12:52:06 PM","03:47:39 PM","05:00:47 PM","06:13:56 PM","06:36:06 PM","06:48:36 PM","10:25:50 AM","11:24:20 AM","58","12:23:17 AM"
"4/5/2027","05:15:45 AM","06:32:39 AM","09:27:36 AM","10:25:55 AM","12:51:43 PM","03:46:41 PM","04:59:35 PM","06:12:29 PM","06:34:40 PM","06:47:11 PM","10:25:55 AM","11:24:14 AM","58","12:23:00 AM"
"4/6/2027","05:16:37 AM","06:33:31 AM","09:27:54 AM","10:26:01 AM","12:51:20 PM","03:45:43 PM","04:58:23 PM","06:11:03 PM","06:33:15 PM","06:45:46 PM","10:26:01 AM","11:24:09 AM","58","12:22:43 AM"
"4/7/2027","05:17:28 AM","06:34:23 AM","09:28:11 AM","10:26:07 AM","12:50:58 PM","03:44:46 PM","04:57:11 PM","06:09:37 PM","06:31:50 PM","06:44:22 PM","10:26:07 AM","11:24:03 AM","57","12:22:26 AM"
"4/8/2027","05:18:19 AM","06:35:15 AM","09:28:29 AM","10:26:14 AM","12:50:35 PM","03:43:50 PM","04:56:01 PM","06:08:12 PM","06:30:26 PM","06:42:58 PM","10:26:14 AM","11:23:58 AM","57","12:22:09 AM"
"4/9/2027","05:19:10 AM","06:36:07 AM","09:28:47 AM","10:26:20 AM","12:50:13 PM","03:42:53 PM","04:54:50 PM","06:06:47 PM","06:29:03 PM","06:41:35 PM","10:26:20 AM","11:23:53 AM","57","12:21:53 AM"
"4/10/2027","05:20:00 AM","06:36:59 AM","09:29:05 AM","10:26:27 AM","12:49:52 PM","03:41:58 PM","04:53:40 PM","06:05:23 PM","06:27:40 PM","06:40:13 PM","10:26:27 AM","11:23:49 AM","57","12:21:37 AM"
"4/11/2027","05:20:50 AM","06:37:51 AM","09:29:23 AM","10:26:34 AM","12:49:30 PM","03:41:03 PM","04:52:31 PM","06:04:00 PM","06:26:17 PM","06:38:51 PM","10:26:34 AM","11:23:44 AM","57","12:21:21 AM"
"4/12/2027","05:21:40 AM","06:38:42 AM","09:29:40 AM","10:26:40 AM","12:49:09 PM","03:40:08 PM","04:51:22 PM","06:02:37 PM","06:24:56 PM","06:37:30 PM","10:26:40 AM","11:23:39 AM","56","12:21:05 AM"
"4/13/2027","05:22:29 AM","06:39:34 AM","09:29:59 AM","10:26:47 AM","12:48:48 PM","03:39:13 PM","04:50:13 PM","06:01:14 PM","06:23:35 PM","06:36:09 PM","10:26:47 AM","11:23:35 AM","56","12:20:50 AM"
"4/14/2027","05:23:18 AM","06:40:26 AM","09:30:17 AM","10:26:54 AM","12:48:27 PM","03:38:19 PM","04:49:05 PM","05:59:52 PM","06:22:15 PM","06:34:50 PM","10:26:54 AM","11:23:31 AM","56","12:20:35 AM"
"4/15/2027","05:24:07 AM","06:41:18 AM","09:30:36 AM","10:27:02 AM","12:48:07 PM","03:37:25 PM","04:47:58 PM","05:58:31 PM","06:20:55 PM","06:33:31 PM","10:27:02 AM","11:23:28 AM","56","12:20:20 AM"
"4/16/2027","05:24:55 AM","06:42:10 AM","09:30:55 AM","10:27:10 AM","12:47:48 PM","03:36:33 PM","04:46:52 PM","05:57:11 PM","06:19:37 PM","06:32:13 PM","10:27:10 AM","11:23:25 AM","56","12:20:06 AM"
"4/17/2027","05:25:44 AM","06:43:02 AM","09:31:14 AM","10:27:18 AM","12:47:28 PM","03:35:40 PM","04:45:45 PM","05:55:51 PM","06:18:19 PM","06:30:56 PM","10:27:18 AM","11:23:22 AM","56","12:19:52 AM"
"4/18/2027","05:26:32 AM","06:43:54 AM","09:31:33 AM","10:27:26 AM","12:47:09 PM","03:34:49 PM","04:44:40 PM","05:54:32 PM","06:17:02 PM","06:29:40 PM","10:27:26 AM","11:23:19 AM","55","12:19:39 AM"
"4/19/2027","05:27:20 AM","06:44:46 AM","09:31:53 AM","10:27:35 AM","12:46:51 PM","03:33:58 PM","04:43:36 PM","05:53:14 PM","06:15:45 PM","06:28:24 PM","10:27:35 AM","11:23:17 AM","55","12:19:26 AM"
"4/20/2027","05:28:07 AM","06:45:38 AM","09:32:12 AM","10:27:44 AM","12:46:32 PM","03:33:07 PM","04:42:31 PM","05:51:56 PM","06:14:30 PM","06:27:10 PM","10:27:44 AM","11:23:15 AM","55","12:19:13 AM"
"4/21/2027","05:28:54 AM","06:46:30 AM","09:32:32 AM","10:27:53 AM","12:46:15 PM","03:32:17 PM","04:41:28 PM","05:50:40 PM","06:13:16 PM","06:25:56 PM","10:27:53 AM","11:23:14 AM","55","12:19:01 AM"
"4/22/2027","05:29:41 AM","06:47:22 AM","09:32:52 AM","10:28:02 AM","12:45:58 PM","03:31:28 PM","04:40:26 PM","05:49:24 PM","06:12:02 PM","06:24:44 PM","10:28:02 AM","11:23:12 AM","55","12:18:49 AM"
"4/23/2027","05:30:28 AM","06:48:14 AM","09:33:12 AM","10:28:12 AM","12:45:41 PM","03:30:40 PM","04:39:24 PM","05:48:09 PM","06:10:49 PM","06:23:32 PM","10:28:12 AM","11:23:11 AM","54","12:18:37 AM"
"4/24/2027","05:31:15 AM","06:49:06 AM","09:33:33 AM","10:28:22 AM","12:45:25 PM","03:29:52 PM","04:38:23 PM","05:46:55 PM","06:09:38 PM","06:22:22 PM","10:28:22 AM","11:23:11 AM","54","12:18:26 AM"
"4/25/2027","05:32:01 AM","06:49:57 AM","09:33:53 AM","10:28:32 AM","12:45:08 PM","03:29:05 PM","04:37:23 PM","05:45:42 PM","06:08:27 PM","06:21:12 PM","10:28:32 AM","11:23:10 AM","54","12:18:15 AM"
"4/26/2027","05:32:48 AM","06:50:49 AM","09:34:14 AM","10:28:42 AM","12:44:53 PM","03:28:18 PM","04:36:24 PM","05:44:30 PM","06:07:18 PM","06:20:04 PM","10:28:42 AM","11:23:11 AM","54","12:18:05 AM"
"4/27/2027","05:33:34 AM","06:51:41 AM","09:34:35 AM","10:28:53 AM","12:44:39 PM","03:27:33 PM","04:35:26 PM","05:43:19 PM","06:06:09 PM","06:18:56 PM","10:28:53 AM","11:23:11 AM","54","12:17:56 AM"
"4/28/2027","05:34:19 AM","06:52:33 AM","09:34:57 AM","10:29:05 AM","12:44:25 PM","03:26:49 PM","04:34:29 PM","05:42:09 PM","06:05:02 PM","06:17:50 PM","10:29:05 AM","11:23:13 AM","54","12:17:47 AM"
"4/29/2027","05:35:05 AM","06:53:25 AM","09:35:19 AM","10:29:17 AM","12:44:12 PM","03:26:06 PM","04:33:33 PM","05:41:01 PM","06:03:55 PM","06:16:45 PM","10:29:17 AM","11:23:15 AM","53","12:17:39 AM"
"4/30/2027","05:35:50 AM","06:54:17 AM","09:35:41 AM","10:29:29 AM","12:43:59 PM","03:25:23 PM","04:32:38 PM","05:39:53 PM","06:02:50 PM","06:15:41 PM","10:29:29 AM","11:23:17 AM","53","12:17:30 AM"
"5/1/2027","05:36:36 AM","06:55:08 AM","09:36:02 AM","10:29:40 AM","12:43:46 PM","03:24:40 PM","04:31:43 PM","05:38:46 PM","06:01:46 PM","06:14:38 PM","10:29:40 AM","11:23:18 AM","53","12:17:23 AM"
"5/2/2027","05:37:20 AM","06:56:00 AM","09:36:25 AM","10:29:53 AM","12:43:34 PM","03:23:59 PM","04:30:50 PM","05:37:41 PM","06:00:43 PM","06:13:36 PM","10:29:53 AM","11:23:22 AM","53","12:17:16 AM"
"5/3/2027","05:38:05 AM","06:56:52 AM","09:36:48 AM","10:30:06 AM","12:43:23 PM","03:23:19 PM","04:29:57 PM","05:36:36 PM","05:59:42 PM","06:12:36 PM","10:30:06 AM","11:23:25 AM","53","12:17:09 AM"
"5/4/2027","05:38:50 AM","06:57:43 AM","09:37:10 AM","10:30:19 AM","12:43:12 PM","03:22:40 PM","04:29:06 PM","05:35:33 PM","05:58:41 PM","06:11:37 PM","10:30:19 AM","11:23:28 AM","53","12:17:03 AM"
"5/5/2027","05:39:34 AM","06:58:34 AM","09:37:33 AM","10:30:33 AM","12:43:02 PM","03:22:01 PM","04:28:16 PM","05:34:31 PM","05:57:42 PM","06:10:39 PM","10:30:33 AM","11:23:32 AM","52","12:16:58 AM"
"5/6/2027","05:40:18 AM","06:59:26 AM","09:37:57 AM","10:30:47 AM","12:42:53 PM","03:21:24 PM","04:27:27 PM","05:33:30 PM","05:56:44 PM","06:09:42 PM","10:30:47 AM","11:23:37 AM","52","12:16:53 AM"
"5/7/2027","05:41:02 AM","07:00:17 AM","09:38:20 AM","10:31:01 AM","12:42:44 PM","03:20:48 PM","04:26:39 PM","05:32:31 PM","05:55:47 PM","06:08:47 PM","10:31:01 AM","11:23:42 AM","52","12:16:49 AM"
"5/8/2027","05:41:45 AM","07:01:08 AM","09:38:44 AM","10:31:16 AM","12:42:36 PM","03:20:12 PM","04:25:52 PM","05:31:33 PM","05:54:52 PM","06:07:53 PM","10:31:16 AM","11:23:48 AM","52","12:16:45 AM"
"5/9/2027","05:42:29 AM","07:01:58 AM","09:39:07 AM","10:31:30 AM","12:42:28 PM","03:19:38 PM","04:25:07 PM","05:30:36 PM","05:53:58 PM","06:07:00 PM","10:31:30 AM","11:23:53 AM","52","12:16:42 AM"
"5/10/2027","05:43:12 AM","07:02:49 AM","09:39:31 AM","10:31:46 AM","12:42:21 PM","03:19:04 PM","04:24:22 PM","05:29:40 PM","05:53:06 PM","06:06:09 PM","10:31:46 AM","11:24:00 AM","52","12:16:39 AM"
"5/11/2027","05:43:55 AM","07:03:39 AM","09:39:55 AM","10:32:01 AM","12:42:15 PM","03:18:32 PM","04:23:39 PM","05:28:46 PM","05:52:14 PM","06:05:19 PM","10:32:01 AM","11:24:06 AM","52","12:16:37 AM"
"5/12/2027","05:44:37 AM","07:04:29 AM","09:40:20 AM","10:32:17 AM","12:42:10 PM","03:18:01 PM","04:22:57 PM","05:27:54 PM","05:51:24 PM","06:04:31 PM","10:32:17 AM","11:24:14 AM","51","12:16:36 AM"
"5/13/2027","05:45:19 AM","07:05:19 AM","09:40:44 AM","10:32:33 AM","12:42:04 PM","03:17:30 PM","04:22:16 PM","05:27:02 PM","05:50:36 PM","06:03:44 PM","10:32:33 AM","11:24:21 AM","51","12:16:35 AM"
"5/14/2027","05:46:01 AM","07:06:09 AM","09:41:09 AM","10:32:50 AM","12:42:00 PM","03:17:01 PM","04:21:36 PM","05:26:12 PM","05:49:49 PM","06:02:58 PM","10:32:50 AM","11:24:30 AM","51","12:16:35 AM"
"5/15/2027","05:46:43 AM","07:06:58 AM","09:41:34 AM","10:33:06 AM","12:41:57 PM","03:16:33 PM","04:20:58 PM","05:25:24 PM","05:49:04 PM","06:02:14 PM","10:33:06 AM","11:24:38 AM","51","12:16:35 AM"
"5/16/2027","05:47:24 AM","07:07:47 AM","09:41:59 AM","10:33:23 AM","12:41:54 PM","03:16:06 PM","04:20:21 PM","05:24:37 PM","05:48:19 PM","06:01:31 PM","10:33:23 AM","11:24:47 AM","51","12:16:36 AM"
"5/17/2027","05:48:05 AM","07:08:35 AM","09:42:24 AM","10:33:40 AM","12:41:51 PM","03:15:40 PM","04:19:46 PM","05:23:52 PM","05:47:37 PM","06:00:50 PM","10:33:40 AM","11:24:57 AM","51","12:16:37 AM"
"5/18/2027","05:48:46 AM","07:09:23 AM","09:42:49 AM","10:33:58 AM","12:41:49 PM","03:15:16 PM","04:19:12 PM","05:23:08 PM","05:46:56 PM","06:00:10 PM","10:33:58 AM","11:25:06 AM","51","12:16:39 AM"
"5/19/2027","05:49:26 AM","07:10:11 AM","09:43:14 AM","10:34:15 AM","12:41:48 PM","03:14:52 PM","04:18:38 PM","05:22:25 PM","05:46:16 PM","05:59:32 PM","10:34:15 AM","11:25:16 AM","51","12:16:41 AM"
"5/20/2027","05:50:06 AM","07:10:58 AM","09:43:39 AM","10:34:33 AM","12:41:47 PM","03:14:29 PM","04:18:06 PM","05:21:44 PM","05:45:38 PM","05:58:55 PM","10:34:33 AM","11:25:27 AM","50","12:16:44 AM"
"5/21/2027","05:50:45 AM","07:11:45 AM","09:44:05 AM","10:34:51 AM","12:41:48 PM","03:14:08 PM","04:17:36 PM","05:21:05 PM","05:45:02 PM","05:58:20 PM","10:34:51 AM","11:25:38 AM","50","12:16:48 AM"
"5/22/2027","05:51:24 AM","07:12:31 AM","09:44:30 AM","10:35:10 AM","12:41:49 PM","03:13:48 PM","04:17:08 PM","05:20:28 PM","05:44:27 PM","05:57:46 PM","10:35:10 AM","11:25:49 AM","50","12:16:52 AM"
"5/23/2027","05:52:02 AM","07:13:17 AM","09:44:55 AM","10:35:28 AM","12:41:50 PM","03:13:29 PM","04:16:40 PM","05:19:52 PM","05:43:53 PM","05:57:14 PM","10:35:28 AM","11:26:01 AM","50","12:16:57 AM"
"5/24/2027","05:52:40 AM","07:14:02 AM","09:45:20 AM","10:35:47 AM","12:41:52 PM","03:13:11 PM","04:16:14 PM","05:19:17 PM","05:43:22 PM","05:56:44 PM","10:35:47 AM","11:26:13 AM","50","12:17:02 AM"
"5/25/2027","05:53:18 AM","07:14:47 AM","09:45:46 AM","10:36:06 AM","12:41:55 PM","03:12:54 PM","04:15:49 PM","05:18:44 PM","05:42:51 PM","05:56:15 PM","10:36:06 AM","11:26:25 AM","50","12:17:07 AM"
"5/26/2027","05:53:55 AM","07:15:30 AM","09:46:10 AM","10:36:24 AM","12:41:58 PM","03:12:39 PM","04:15:26 PM","05:18:13 PM","05:42:23 PM","05:55:47 PM","10:36:24 AM","11:26:37 AM","50","12:17:13 AM"
"5/27/2027","05:54:31 AM","07:16:14 AM","09:46:36 AM","10:36:44 AM","12:42:02 PM","03:12:25 PM","04:15:04 PM","05:17:44 PM","05:41:56 PM","05:55:21 PM","10:36:44 AM","11:26:51 AM","50","12:17:20 AM"
"5/28/2027","05:55:07 AM","07:16:56 AM","09:47:01 AM","10:37:02 AM","12:42:06 PM","03:12:11 PM","04:14:43 PM","05:17:16 PM","05:41:30 PM","05:54:57 PM","10:37:02 AM","11:27:04 AM","50","12:17:27 AM"
"5/29/2027","05:55:43 AM","07:17:38 AM","09:47:26 AM","10:37:22 AM","12:42:12 PM","03:12:00 PM","04:14:25 PM","05:16:50 PM","05:41:06 PM","05:54:35 PM","10:37:22 AM","11:27:18 AM","49","12:17:34 AM"
"5/30/2027","05:56:17 AM","07:18:19 AM","09:47:50 AM","10:37:41 AM","12:42:17 PM","03:11:48 PM","04:14:06 PM","05:16:25 PM","05:40:44 PM","05:54:13 PM","10:37:41 AM","11:27:31 AM","49","12:17:42 AM"
"5/31/2027","05:56:51 AM","07:18:59 AM","09:48:14 AM","10:38:00 AM","12:42:23 PM","03:11:38 PM","04:13:50 PM","05:16:02 PM","05:40:24 PM","05:53:54 PM","10:38:00 AM","11:27:45 AM","49","12:17:50 AM"
"6/1/2027","05:57:25 AM","07:19:38 AM","09:48:38 AM","10:38:19 AM","12:42:29 PM","03:11:30 PM","04:13:35 PM","05:15:41 PM","05:40:05 PM","05:53:36 PM","10:38:19 AM","11:27:59 AM","49","12:17:58 AM"
"6/2/2027","05:57:58 AM","07:20:16 AM","09:49:02 AM","10:38:38 AM","12:42:36 PM","03:11:23 PM","04:13:22 PM","05:15:22 PM","05:39:47 PM","05:53:20 PM","10:38:38 AM","11:28:13 AM","49","12:18:08 AM"
"6/3/2027","05:58:29 AM","07:20:54 AM","09:49:26 AM","10:38:57 AM","12:42:44 PM","03:11:16 PM","04:13:10 PM","05:15:04 PM","05:39:32 PM","05:53:05 PM","10:38:57 AM","11:28:28 AM","49","12:18:17 AM"
"6/4/2027","05:59:01 AM","07:21:30 AM","09:49:49 AM","10:39:16 AM","12:42:52 PM","03:11:11 PM","04:12:59 PM","05:14:48 PM","05:39:18 PM","05:52:52 PM","10:39:16 AM","11:28:42 AM","49","12:18:27 AM"
"6/5/2027","05:59:31 AM","07:22:06 AM","09:50:13 AM","10:39:35 AM","12:43:01 PM","03:11:08 PM","04:12:51 PM","05:14:34 PM","05:39:05 PM","05:52:40 PM","10:39:35 AM","11:28:57 AM","49","12:18:37 AM"
"6/6/2027","06:00:01 AM","07:22:40 AM","09:50:35 AM","10:39:53 AM","12:43:09 PM","03:11:04 PM","04:12:42 PM","05:14:21 PM","05:38:54 PM","05:52:30 PM","10:39:53 AM","11:29:12 AM","49","12:18:47 AM"
"6/7/2027","06:00:30 AM","07:23:13 AM","09:50:57 AM","10:40:12 AM","12:43:19 PM","03:11:03 PM","04:12:37 PM","05:14:11 PM","05:38:45 PM","05:52:22 PM","10:40:12 AM","11:29:27 AM","49","12:18:58 AM"
"6/8/2027","06:00:58 AM","07:23:46 AM","09:51:19 AM","10:40:31 AM","12:43:29 PM","03:11:02 PM","04:12:31 PM","05:14:01 PM","05:38:38 PM","05:52:15 PM","10:40:31 AM","11:29:42 AM","49","12:19:09 AM"
"6/9/2027","06:01:25 AM","07:24:17 AM","09:51:41 AM","10:40:49 AM","12:43:39 PM","03:11:03 PM","04:12:28 PM","05:13:54 PM","05:38:32 PM","05:52:10 PM","10:40:49 AM","11:29:57 AM","49","12:19:20 AM"
"6/10/2027","06:01:51 AM","07:24:47 AM","09:52:02 AM","10:41:07 AM","12:43:50 PM","03:11:05 PM","04:12:26 PM","05:13:48 PM","05:38:27 PM","05:52:06 PM","10:41:07 AM","11:30:12 AM","49","12:19:31 AM"
"6/11/2027","06:02:17 AM","07:25:15 AM","09:52:22 AM","10:41:24 AM","12:44:00 PM","03:11:07 PM","04:12:25 PM","05:13:44 PM","05:38:24 PM","05:52:03 PM","10:41:24 AM","11:30:27 AM","49","12:19:43 AM"
"6/12/2027","06:02:41 AM","07:25:43 AM","09:52:42 AM","10:41:42 AM","12:44:12 PM","03:11:12 PM","04:12:27 PM","05:13:42 PM","05:38:23 PM","05:52:03 PM","10:41:42 AM","11:30:42 AM","48","12:19:55 AM"
"6/13/2027","06:03:04 AM","07:26:09 AM","09:53:02 AM","10:41:59 AM","12:44:23 PM","03:11:16 PM","04:12:28 PM","05:13:41 PM","05:38:23 PM","05:52:03 PM","10:41:59 AM","11:30:57 AM","48","12:20:07 AM"
"6/14/2027","06:03:27 AM","07:26:34 AM","09:53:21 AM","10:42:16 AM","12:44:35 PM","03:11:22 PM","04:12:32 PM","05:13:42 PM","05:38:25 PM","05:52:06 PM","10:42:16 AM","11:31:12 AM","48","12:20:19 AM"
"6/15/2027","06:03:48 AM","07:26:57 AM","09:53:38 AM","10:42:32 AM","12:44:47 PM","03:11:29 PM","04:12:36 PM","05:13:44 PM","05:38:28 PM","05:52:09 PM","10:42:32 AM","11:31:26 AM","48","12:20:32 AM"
"6/16/2027","06:04:08 AM","07:27:20 AM","09:53:57 AM","10:42:49 AM","12:45:00 PM","03:11:37 PM","04:12:42 PM","05:13:48 PM","05:38:33 PM","05:52:14 PM","10:42:49 AM","11:31:41 AM","48","12:20:44 AM"
"6/17/2027","06:04:28 AM","07:27:40 AM","09:54:13 AM","10:43:04 AM","12:45:12 PM","03:11:46 PM","04:12:50 PM","05:13:54 PM","05:38:39 PM","05:52:21 PM","10:43:04 AM","11:31:55 AM","48","12:20:57 AM"
"6/18/2027","06:04:46 AM","07:28:00 AM","09:54:30 AM","10:43:20 AM","12:45:25 PM","03:11:55 PM","04:12:58 PM","05:14:01 PM","05:38:47 PM","05:52:29 PM","10:43:20 AM","11:32:10 AM","48","12:21:09 AM"
"6/19/2027","06:05:03 AM","07:28:18 AM","09:54:46 AM","10:43:35 AM","12:45:38 PM","03:12:06 PM","04:13:08 PM","05:14:10 PM","05:38:56 PM","05:52:38 PM","10:43:35 AM","11:32:24 AM","48","12:21:22 AM"
"6/20/2027","06:05:18 AM","07:28:34 AM","09:55:00 AM","10:43:49 AM","12:45:51 PM","03:12:17 PM","04:13:18 PM","05:14:20 PM","05:39:07 PM","05:52:49 PM","10:43:49 AM","11:32:38 AM","48","12:21:34 AM"
"6/21/2027","06:05:33 AM","07:28:49 AM","09:55:14 AM","10:44:03 AM","12:46:04 PM","03:12:30 PM","04:13:31 PM","05:14:32 PM","05:39:19 PM","05:53:01 PM","10:44:03 AM","11:32:51 AM","48","12:21:47 AM"
"6/22/2027","06:05:46 AM","07:29:02 AM","09:55:28 AM","10:44:16 AM","12:46:18 PM","03:12:44 PM","04:13:45 PM","05:14:46 PM","05:39:32 PM","05:53:14 PM","10:44:16 AM","11:33:05 AM","48","12:22:00 AM"
"6/23/2027","06:05:58 AM","07:29:14 AM","09:55:40 AM","10:44:29 AM","12:46:31 PM","03:12:57 PM","04:13:58 PM","05:15:00 PM","05:39:47 PM","05:53:29 PM","10:44:29 AM","11:33:18 AM","48","12:22:12 AM"
"6/24/2027","06:06:09 AM","07:29:24 AM","09:55:52 AM","10:44:41 AM","12:46:45 PM","03:13:13 PM","04:14:15 PM","05:15:17 PM","05:40:03 PM","05:53:45 PM","10:44:41 AM","11:33:31 AM","48","12:22:25 AM"
"6/25/2027","06:06:19 AM","07:29:33 AM","09:56:03 AM","10:44:53 AM","12:46:58 PM","03:13:28 PM","04:14:31 PM","05:15:34 PM","05:40:20 PM","05:54:02 PM","10:44:53 AM","11:33:43 AM","48","12:22:37 AM"
"6/26/2027","06:06:27 AM","07:29:40 AM","09:56:13 AM","10:45:04 AM","12:47:12 PM","03:13:45 PM","04:14:49 PM","05:15:53 PM","05:40:39 PM","05:54:21 PM","10:45:04 AM","11:33:55 AM","48","12:22:49 AM"
"6/27/2027","06:06:34 AM","07:29:45 AM","09:56:22 AM","10:45:14 AM","12:47:25 PM","03:14:02 PM","04:15:08 PM","05:16:14 PM","05:40:59 PM","05:54:40 PM","10:45:14 AM","11:34:07 AM","48","12:23:01 AM"
"6/28/2027","06:06:40 AM","07:29:49 AM","09:56:30 AM","10:45:24 AM","12:47:39 PM","03:14:21 PM","04:15:28 PM","05:16:36 PM","05:41:20 PM","05:55:01 PM","10:45:24 AM","11:34:18 AM","48","12:23:13 AM"
"6/29/2027","06:06:44 AM","07:29:51 AM","09:56:38 AM","10:45:33 AM","12:47:52 PM","03:14:39 PM","04:15:49 PM","05:16:59 PM","05:41:42 PM","05:55:23 PM","10:45:33 AM","11:34:29 AM","48","12:23:25 AM"
"6/30/2027","06:06:47 AM","07:29:51 AM","09:56:44 AM","10:45:41 AM","12:48:05 PM","03:14:58 PM","04:16:10 PM","05:17:23 PM","05:42:05 PM","05:55:46 PM","10:45:41 AM","11:34:39 AM","48","12:23:36 AM"
